Year,Month,Day,Name,Location,Country,Latitude,Longitude,Elevation,Type,VEI,Agent,DEATHS,INJURIES,MISSING,DAMAGE_MILLIONS_DOLLARS,TSU,EQ
46,0,0,Santorini,Greece,Greece,36.404,25.396,329,Shield volcano,3.0,,,,,,TSU,
50,0,0,Ambrym,Vanuatu-SW Pacific,Vanuatu,-16.25,168.12,1334,Pyroclastic shield,6.0,,,,,,,
60,0,0,Bona-Churchill,Alaska-E,United States,61.38,-141.75,5005,Stratovolcano,6.0,,,,,,,
79,8,25,Vesuvius,Italy,Italy,40.821,14.425999999999998,1281,Complex volcano,5.0,"P,T",2100.0,,,,TSU,EQ
200,0,0,"Arhab, Harra of",Arabia-S,Yemen,15.63,44.08,3100,Volcanic field,,,,,,,,
230,0,0,Taupo,New Zealand,New Zealand,-38.82,176.0,760,Caldera,6.0,,,,,,,
240,0,0,Ksudach,Kamchatka,Russia,51.8,157.53,1079,Stratovolcano,6.0,,,,,,,
350,0,0,Augustine,Alaska-SW,United States,59.37,-153.42,1252,Lava dome,,,,,,,,
416,0,0,Krakatau,Indonesia,Indonesia,-6.102,105.42299999999999,813,Caldera,,W,,,,,TSU,
450,0,0,Ilopango,El Salvador,El Salvador,13.672,-89.053,450,Caldera,6.0,,30000.0,,,,,
500,0,0,"Arhab, Harra of",Arabia-S,Yemen,15.63,44.08,3100,Volcanic field,,,,,,,,
590,0,0,San Salvador,El Salvador,El Salvador,13.735999999999999,-89.286,1893,Stratovolcano,,,,,,,,
640,0,0,"Uwayrid, Harrat",Arabia-W,Saudi Arabia,27.08,37.25,1900,Volcanic field,2.0,T,,,,,,
653,0,0,Dakataua,New Britain-SW Pac,Papua New Guinea,-5.056,150.108,400,Caldera,6.0,,,,,,,
683,0,0,Rabaul,New Britain-SW Pac,Papua New Guinea,-4.271,152.203,688,Pyroclastic shield,6.0,,,,,,,
710,0,0,Pago,New Britain-SW Pac,Papua New Guinea,-5.58,150.52,742,Caldera,6.0,,,,,,,
764,0,0,Sakura-jima,Kyushu-Japan,Japan,31.58,130.67,1117,Stratovolcano,4.0,"T,L",80.0,,,,,
766,7,20,Sakura-jima,Kyushu-Japan,Japan,31.58,130.67,1117,Stratovolcano,3.0,,,,,,TSU,EQ
787,0,0,Vesuvius,Italy,Italy,40.821,14.425999999999998,1281,Complex volcano,3.0,,,,,,,
847,0,0,Bona-Churchill,Alaska-E,United States,61.38,-141.75,5005,Stratovolcano,6.0,,,,,,,
920,0,0,Katla,Iceland-S,Iceland,63.63,-19.05,1512,Subglacial volcano,4.0,,,,,,,
930,0,0,Ceboruco,Mexico,Mexico,21.125,-104.508,2280,Stratovolcano,6.0,,,,,,,
934,0,0,Katla,Iceland-S,Iceland,63.63,-19.05,1512,Subglacial volcano,4.0,,,,,,,
950,0,0,Katla,Iceland-S,Iceland,63.63,-19.05,1512,Subglacial volcano,,,,,,,,
1000,0,0,Changbaishan,China-E,North Korea,41.98,128.08,2744,Stratovolcano,7.0,,,,,,,
1050,0,0,Santorini,Greece,Greece,36.404,25.396,329,Shield volcano,,,,,,,TSU,
1104,10,15,Hekla,Iceland-S,Iceland,63.98,-19.7,1491,Stratovolcano,5.0,,,,,,,
1151,0,0,Krisuvik,Iceland-SW,Iceland,63.93,-22.1,379,Crater rows,1.0,,,,,,,
1158,1,19,Hekla,Iceland-S,Iceland,63.98,-19.7,1491,Stratovolcano,4.0,,,,,,,
1169,2,4,Etna,Italy,Italy,37.734,15.004000000000001,3350,Stratovolcano,,"S,W",,,,,TSU,EQ
1169,2,11,Etna,Italy,Italy,37.734,15.004000000000001,3350,Stratovolcano,,,,,,,TSU,
1177,0,0,Katla,Iceland-S,Iceland,63.63,-19.05,1512,Subglacial volcano,3.0,,,,,,,
1206,12,4,Hekla,Iceland-S,Iceland,63.98,-19.7,1491,Stratovolcano,2.0,,,,,,,
1250,0,0,Fentale,Africa-NE,Ethiopia,8.975,39.93,2007,Stratovolcano,,,,,,,,
1262,0,0,Katla,Iceland-S,Iceland,63.63,-19.05,1512,Subglacial volcano,3.0,F,,,,,,
1280,0,0,Quilotoa,Ecuador,Ecuador,-0.85,-78.9,3914,Caldera,6.0,,,,,,,
1300,7,11,Hekla,Iceland-S,Iceland,63.98,-19.7,1491,Stratovolcano,4.0,,,,,,,
1302,0,0,Ischia,Italy,Italy,40.73,13.897,789,Complex volcano,,,,,,,,
1311,1,18,Katla,Iceland-S,Iceland,63.63,-19.05,1512,Subglacial volcano,4.0,F,,,,,,
1311,0,0,Kelut,Java,Indonesia,-7.93,112.30799999999999,1731,Stratovolcano,3.0,,,,,,,
1329,6,28,Etna,Italy,Italy,37.734,15.004000000000001,3350,Stratovolcano,3.0,,,,,,TSU,EQ
1329,7,0,Etna,Italy,Italy,37.734,15.004000000000001,3350,Stratovolcano,1.0,I,,,,,,
1331,12,0,Aso,Kyushu-Japan,Japan,32.88,131.1,1592,Caldera,2.0,,,,,,,
1334,0,0,Kelut,Java,Indonesia,-7.93,112.30799999999999,1731,Stratovolcano,3.0,,,,,,,
1341,5,19,Hekla,Iceland-S,Iceland,63.98,-19.7,1491,Stratovolcano,3.0,,,,,,,
1357,0,0,Katla,Iceland-S,Iceland,63.63,-19.05,1512,Subglacial volcano,4.0,,,,,,,
1362,6,5,Oraefajokull,Iceland-SE,Iceland,64.0,-16.65,2119,Stratovolcano,5.0,"T,F",220.0,,,,,
1375,0,0,"Chichon, El",Mexico,Mexico,17.36,-93.228,1150,Tuff cone,5.0,M,,,,,,
1376,0,0,Kelut,Java,Indonesia,-7.93,112.30799999999999,1731,Stratovolcano,3.0,,,,,,,
1385,0,0,Kelut,Java,Indonesia,-7.93,112.30799999999999,1731,Stratovolcano,3.0,,,,,,,
1389,12,1,Hekla,Iceland-S,Iceland,63.98,-19.7,1491,Stratovolcano,3.0,,,,,,,
1410,3,5,Nasu,Honshu-Japan,Japan,37.12,139.97,1917,Stratovolcano,3.0,,180.0,,,,,
1430,0,0,Kuwae,Vanuatu-SW Pacific,Vanuatu,-16.829,168.53599999999997,-2,Caldera,,P,,,,,,
1471,11,3,Sakura-jima,Kyushu-Japan,Japan,31.58,130.67,1117,Stratovolcano,5.0,P,,,,,,
1477,2,0,Bardarbunga,Iceland-NE,Iceland,64.63,-17.53,2000,Stratovolcano,6.0,,,,,,,
1485,1,0,Aso,Kyushu-Japan,Japan,32.88,131.1,1592,Caldera,2.0,,1.0,,,,,
1500,0,0,Katla,Iceland-S,Iceland,63.63,-19.05,1512,Subglacial volcano,4.0,,,,,,,
1510,7,25,Hekla,Iceland-S,Iceland,63.98,-19.7,1491,Stratovolcano,4.0,T,1.0,,,,,
1510,10,15,Hekla,Iceland-S,Iceland,63.98,-19.7,1491,Stratovolcano,4.0,I,,,,,,
1536,3,23,Etna,Italy,Italy,37.734,15.004000000000001,3350,Stratovolcano,3.0,T,1.0,,,,,
1538,9,29,Campi Flegrei,Italy,Italy,40.827,14.139000000000001,458,Caldera,3.0,T,24.0,,,,,
1540,0,0,Augustine,Alaska-SW,United States,59.37,-153.42,1252,Lava dome,4.0,,,,,,TSU,
1550,11,0,Dukono,Halmahera-Indonesia,Indonesia,1.68,127.88,1185,Complex volcano,3.0,,,,,,,
1564,12,31,Gamkonora,Halmahera-Indonesia,Indonesia,1.375,127.52,1635,Stratovolcano,3.0,,,,,,,
1565,8,0,Pacaya,Guatemala,Guatemala,14.380999999999998,-90.601,2552,Complex volcano,3.0,,,,,,,EQ
1566,10,31,Kirishima,Kyushu-Japan,Japan,31.93,130.87,1700,Shield volcano,3.0,,,,,,,
1568,0,0,Savo,Solomon Is-SW Pacifi,Solomon Is.,-9.13,159.82,510,Stratovolcano,3.0,"P,T,M",1001.0,,,,,
1570,0,0,Mombacho,Nicaragua,Nicaragua,11.825999999999999,-85.96799999999999,1344,Stratovolcano,,A,400.0,,,,,
1576,0,0,Colima,Mexico,Mexico,19.514,-103.62,3850,Stratovolcano,3.0,,,,,,,
1580,5,1,San Jorge,Azores,Portugal,38.65,-28.08,1053,Fissure vent,3.0,P,10.0,,,,,
1580,8,11,Katla,Iceland-S,Iceland,63.63,-19.05,1512,Subglacial volcano,4.0,,,,,,,
1580,0,0,Billy Mitchell,Bougainville-SW Paci,Papua New Guinea,-6.0920000000000005,155.225,1544,Pyroclastic shield,6.0,,,,,,,
1581,12,26,Fuego,Guatemala,Guatemala,14.472999999999999,-90.88,3763,Stratovolcano,4.0,,,,,,,
1586,0,0,Kelut,Java,Indonesia,-7.93,112.30799999999999,1731,Stratovolcano,5.0,,10000.0,,,,,
1587,0,0,Merapi,Java,Indonesia,-7.542000000000001,110.44200000000001,2947,Stratovolcano,4.0,,,,,,,
1590,1,15,Colima,Mexico,Mexico,19.514,-103.62,3850,Stratovolcano,3.0,I,,,,,,
1593,0,0,Raung,Java,Indonesia,-8.125,114.042,3332,Stratovolcano,5.0,,,,,,,
1595,3,12,Ruiz,Colombia,Colombia,4.895,-75.322,5321,Stratovolcano,4.0,M,636.0,,,,,
1596,5,1,Asama,Honshu-Japan,Japan,36.4,138.53,2560,Complex volcano,2.0,T,,,,,,
1597,1,3,Hekla,Iceland-S,Iceland,63.98,-19.7,1491,Stratovolcano,4.0,,,,,,,
1597,0,0,Raung,Java,Indonesia,-8.125,114.042,3332,Stratovolcano,3.0,T,,,,,,
1598,5,13,Asama,Honshu-Japan,Japan,36.4,138.53,2560,Complex volcano,2.0,T,800.0,,,,,
1598,0,0,Banda Api,Banda Sea,Pacific Ocean,-4.525,129.871,640,Caldera,3.0,,,,,,,
1600,2,19,Huaynaputina,Peru,Peru,-16.608,-70.85,4850,Stratovolcano,6.0,,1500.0,,,,,EQ
1606,1,23,Hachijo-jima,Izu Is-Japan,Japan,33.13,139.77,854,Stratovolcano,2.0,,,,,,TSU,
1608,7,18,Gamalama,Halmahera-Indonesia,Indonesia,0.8,127.325,1715,Stratovolcano,3.0,,,,,,TSU,
1609,0,0,Tengchong,China-S,China,25.32,98.47,2865,Pyroclastic cone,,E,,,,,,
1615,3,0,Banda Api,Banda Sea,Pacific Ocean,-4.525,129.871,640,Caldera,3.0,,,,,,,
1617,0,0,Fuego,Guatemala,Guatemala,14.472999999999999,-90.88,3763,Stratovolcano,3.0,,,,,,,
1625,9,2,Katla,Iceland-S,Iceland,63.63,-19.05,1512,Subglacial volcano,5.0,,,,,,,
1629,0,0,Grimsvotn,Iceland-NE,Iceland,64.42,-17.33,1725,Caldera,2.0,F,4.0,,,,,
1630,9,3,Furnas,Azores,Portugal,37.77,-25.32,805,Stratovolcano,4.0,"M,T",200.0,,,,,
1631,2,14,Dama Ali,Africa-NE,Ethiopia,11.28,41.63,1068,Shield volcano,,S,50.0,,,,,EQ
1631,12,16,Vesuvius,Italy,Italy,40.821,14.425999999999998,1281,Complex volcano,5.0,"P,E,M",4000.0,,,,TSU,EQ
1636,5,15,Hekla,Iceland-S,Iceland,63.98,-19.7,1491,Stratovolcano,3.0,,,,,,,
1638,0,0,Raung,Java,Indonesia,-8.125,114.042,3332,Stratovolcano,4.0,M,1001.0,,,,,
1640,7,31,Komaga-take,Hokkaido-Japan,Japan,42.07,140.68,1140,Stratovolcano,5.0,W,,,,,TSU,EQ
1640,0,0,Tungurahua,Ecuador,Ecuador,-1.4669999999999999,-78.442,5023,Stratovolcano,3.0,P,5000.0,,,,,
1646,7,19,Makian,Halmahera-Indonesia,Indonesia,0.32,127.4,1357,Stratovolcano,4.0,,,,,,,
1650,9,26,Santorini,Greece,Greece,36.404,25.396,329,Shield volcano,4.0,"G,W,T",120.0,,,,TSU,
1659,9,30,San Salvador,El Salvador,El Salvador,13.735999999999999,-89.286,1893,Stratovolcano,3.0,S,,,,,,EQ
1659,11,11,Teon,Banda Sea,Pacific Ocean,-6.92,129.125,655,Stratovolcano,4.0,,,,,,TSU,
1660,2,0,Teon,Banda Sea,Pacific Ocean,-6.92,129.125,655,Stratovolcano,4.0,"G,T",3.0,,,,,
1660,11,3,Katla,Iceland-S,Iceland,63.63,-19.05,1512,Subglacial volcano,4.0,,,,,,,
1660,0,0,Long Island,New Guinea-NE of,Papua New Guinea,-5.358,147.12,1280,Complex volcano,6.0,"T,P,W,I",2000.0,,,,TSU,
1663,8,16,Usu,Hokkaido-Japan,Japan,42.53,140.83,731,Stratovolcano,5.0,"T,P",5.0,,,,,
1664,4,15,Unzen,Kyushu-Japan,Japan,32.75,130.3,1500,Complex volcano,2.0,m,30.0,,,,,
1664,0,0,Iwo-Tori-shima,Ryukyu Is,Japan,27.85,128.25,217,Complex volcano,,A,,,,,TSU,
1669,3,11,Etna,Italy,Italy,37.734,15.004000000000001,3350,Stratovolcano,3.0,,,,,,,EQ
1669,3,19,Etna,Italy,Italy,37.734,15.004000000000001,3350,Stratovolcano,3.0,L,2.0,5.0,,,,
1670,0,0,Aoba,Vanuatu-SW Pacific,Vanuatu,-15.4,167.83,1496,Shield volcano,2.0,L,,,,,,
1672,4,24,Fayal,Azores,Portugal,38.6,-28.73,1043,Stratovolcano,2.0,,3.0,,,,,
1672,8,4,Merapi,Java,Indonesia,-7.542000000000001,110.44200000000001,2947,Stratovolcano,3.0,P,3000.0,,,,,
1673,5,20,Gamkonora,Halmahera-Indonesia,Indonesia,1.375,127.52,1635,Stratovolcano,5.0,W,,,,,TSU,
1677,11,22,La Palma,Canary Is,Spain,28.58,-17.83,2426,Stratovolcano,2.0,G,1.0,,,,,
1679,9,21,Zukur,Red Sea,Yemen,14.02,42.75,624,Shield volcano,,,,,,,,EQ
1682,8,12,Vesuvius,Italy,Italy,40.821,14.425999999999998,1281,Complex volcano,3.0,,4.0,,,,,
1684,12,0,Grimsvotn,Iceland-NE,Iceland,64.42,-17.33,1725,Caldera,2.0,F,1.0,,,,,
1690,2,3,Vesuvius,Italy,Italy,40.821,14.425999999999998,1281,Complex volcano,,,,,,,TSU,
1690,0,0,Guntur,Java,Indonesia,-7.13,107.83,2249,Complex volcano,3.0,,,,,,,
1692,6,4,Serua,Banda Sea,Pacific Ocean,-6.3,130.0,641,Stratovolcano,4.0,L,,,,,,
1693,1,9,Etna,Italy,Italy,37.734,15.004000000000001,3350,Stratovolcano,,,,,,,,EQ
1693,2,13,Hekla,Iceland-S,Iceland,63.98,-19.7,1491,Stratovolcano,4.0,,,,,,TSU,
1694,11,20,Banda Api,Banda Sea,Pacific Ocean,-4.525,129.871,640,Caldera,3.0,,,,,,,
1698,5,0,Vesuvius,Italy,Italy,40.821,14.425999999999998,1281,Complex volcano,3.0,,,,,,TSU,
1698,0,0,Cotopaxi,Ecuador,Ecuador,-0.677,-78.436,5911,Stratovolcano,3.0,M,,,,,,
1698,0,0,Cereme,Java,Indonesia,-6.892,108.4,3078,Stratovolcano,3.0,,,,,,,
1706,5,5,Tenerife,Canary Is,Spain,28.271,-16.641,3715,Stratovolcano,2.0,,,,,,TSU,
1707,5,0,Santorini,Greece,Greece,36.404,25.396,329,Shield volcano,,,,,,,TSU,
1707,12,16,Fuji,Honshu-Japan,Japan,35.35,138.73,3776,Stratovolcano,4.0,,,,,,,EQ
1711,12,11,Awu,Sangihe Is-Indonesia,Indonesia,3.67,125.5,1320,Stratovolcano,3.0,P,3000.0,,,,,
1712,1,15,Bardarbunga,Iceland-NE,Iceland,64.63,-17.53,2000,Stratovolcano,2.0,,,,,,,
1714,6,30,Vesuvius,Italy,Italy,40.821,14.425999999999998,1281,Complex volcano,,,,,,,TSU,
1716,7,20,Kelut,Java,Indonesia,-7.93,112.30799999999999,1731,Stratovolcano,2.0,M,,,,,,
1716,9,24,Taal,Luzon-Philippines,Philippines,14.002,120.993,400,Stratovolcano,4.0,,,,,,TSU,EQ
1716,10,5,Bardarbunga,Iceland-NE,Iceland,64.63,-17.53,2000,Stratovolcano,2.0,,,,,,,
1716,11,9,Kirishima,Kyushu-Japan,Japan,31.93,130.87,1700,Shield volcano,3.0,,1.0,31.0,,,,
1717,2,7,Kirishima,Kyushu-Japan,Japan,31.93,130.87,1700,Shield volcano,3.0,,1.0,30.0,,,,
1717,8,4,Bardarbunga,Iceland-NE,Iceland,64.63,-17.53,2000,Stratovolcano,3.0,,,,,,,
1717,8,27,Fuego,Guatemala,Guatemala,14.472999999999999,-90.88,3763,Stratovolcano,3.0,,,,,,,
1718,2,1,Pico,Azores,Portugal,38.47,-28.4,2351,Stratovolcano,2.0,,2.0,,,,,
1721,5,11,Katla,Iceland-S,Iceland,63.63,-19.05,1512,Subglacial volcano,5.0,,,,,,,
1721,6,22,Asama,Honshu-Japan,Japan,36.4,138.53,2560,Complex volcano,1.0,T,15.0,,,,,
1726,2,1,Bardarbunga,Iceland-NE,Iceland,64.63,-17.53,2000,Stratovolcano,1.0,,,,,,,
1727,8,3,Oraefajokull,Iceland-SE,Iceland,64.0,-16.65,2119,Stratovolcano,4.0,F,3.0,,,,,
1729,2,1,Bardarbunga,Iceland-NE,Iceland,64.63,-17.53,2000,Stratovolcano,1.0,,,,,,,
1729,6,30,Krafla,Iceland-NE,Iceland,65.73,-16.78,650,Caldera,2.0,,,,,,,
1730,9,1,Lanzarote,Canary Is,Spain,29.03,-13.63,670,Fissure vent,2.0,,,,,,,
1730,0,0,Raung,Java,Indonesia,-8.125,114.042,3332,Stratovolcano,3.0,"M,T",,,,,,
1730,0,0,Tseax River Cone,Canada,Canada,55.12,-128.9,609,Pyroclastic cone,,G,,,,,,
1737,5,20,Vesuvius,Italy,Italy,40.821,14.425999999999998,1281,Complex volcano,2.0,T,2.0,,,,,
1741,8,23,Oshima-Oshima,Hokkaido-Japan,Japan,41.5,139.37,737,Stratovolcano,4.0,"W,S",,,,,TSU,
1742,6,15,Cotopaxi,Ecuador,Ecuador,-0.677,-78.436,5911,Stratovolcano,3.0,M,,,,,,
1742,12,9,Cotopaxi,Ecuador,Ecuador,-0.677,-78.436,5911,Stratovolcano,3.0,M,,,,,,
1749,8,11,Taal,Luzon-Philippines,Philippines,14.002,120.993,400,Stratovolcano,3.0,,,,,,TSU,EQ
1753,10,15,Grimsvotn,Iceland-NE,Iceland,64.42,-17.33,1725,Caldera,2.0,,,,,,,
1754,5,13,Taal,Luzon-Philippines,Philippines,14.002,120.993,400,Stratovolcano,4.0,"W,T",12.0,,,,TSU,EQ
1755,10,17,Katla,Iceland-S,Iceland,63.63,-19.05,1512,Subglacial volcano,4.0,E,2.0,,,,,
1757,7,9,San Jorge,Azores,Portugal,38.65,-28.08,1053,Fissure vent,0.0,S,,,,,,EQ
1760,0,0,Makian,Halmahera-Indonesia,Indonesia,0.32,127.4,1357,Stratovolcano,4.0,M,2000.0,,,,,
1762,0,0,Kliuchevskoi,Kamchatka,Russia,56.056999999999995,160.638,4835,Stratovolcano,2.0,,,,,,,
1766,4,5,Hekla,Iceland-S,Iceland,63.98,-19.7,1491,Stratovolcano,4.0,,,,,,,
1766,7,20,Mayon,Luzon-Philippines,Philippines,13.257,123.685,2462,Stratovolcano,3.0,m,49.0,,,,,
1768,4,4,Cotopaxi,Ecuador,Ecuador,-0.677,-78.436,5911,Stratovolcano,4.0,M,,,,,,
1772,5,9,Gamalama,Halmahera-Indonesia,Indonesia,0.8,127.325,1715,Stratovolcano,3.0,T,35.0,,,,TSU,
1772,8,12,Papandayan,Java,Indonesia,-7.32,107.73,2665,Stratovolcano,3.0,A,2957.0,,,,,
1773,2,2,Gamalama,Halmahera-Indonesia,Indonesia,0.8,127.325,1715,Stratovolcano,2.0,I,,,,,,
1775,0,0,Gamalama,Halmahera-Indonesia,Indonesia,0.8,127.325,1715,Stratovolcano,3.0,"P,I",1300.0,,,,,
1775,0,0,Lokon-Empung,Sulawesi-Indonesia,Indonesia,1.358,124.792,1580,Stratovolcano,3.0,,,,,,,
1778,0,0,Raikoke,Kuril Is,Russia,48.292,153.25,551,Stratovolcano,4.0,T,15.0,,,,,
1779,8,8,Vesuvius,Italy,Italy,40.821,14.425999999999998,1281,Complex volcano,2.0,,,,,,,
1779,11,8,Sakura-jima,Kyushu-Japan,Japan,31.58,130.67,1117,Stratovolcano,4.0,"T,W,I",153.0,,,,,
1780,2,9,Sakura-jima,Kyushu-Japan,Japan,31.58,130.67,1117,Stratovolcano,4.0,F,,,,,,
1780,7,27,Aoga-shima,Izu Is-Japan,Japan,32.45,139.77,423,Stratovolcano,3.0,,7.0,,,,,
1780,9,9,Sakura-jima,Kyushu-Japan,Japan,31.58,130.67,1117,Stratovolcano,4.0,,,,,,TSU,
1780,10,31,Sakura-jima,Kyushu-Japan,Japan,31.58,130.67,1117,Stratovolcano,,,,,,,TSU,
1781,4,11,Sakura-jima,Kyushu-Japan,Japan,31.58,130.67,1117,Stratovolcano,4.0,W,23.0,,,,TSU,
1783,8,5,Asama,Honshu-Japan,Japan,36.4,138.53,2560,Complex volcano,4.0,"F,P,I",1491.0,,,,,
1784,4,0,Grimsvotn,Iceland-NE,Iceland,64.42,-17.33,1725,Caldera,4.0,I,,,,,,
1784,7,0,Sabancaya,Peru,Peru,-15.78,-71.85,5967,Stratovolcano,,,,,,,,
1784,0,0,Hualalai,Hawaiian Is,United States,19.692,-155.87,2523,Shield volcano,0.0,L,,,,,,
1785,4,18,Aoga-shima,Izu Is-Japan,Japan,32.45,139.77,423,Stratovolcano,3.0,,135.0,,,,,
1786,0,0,Dieng Volc Complex,Java,Indonesia,-7.2,109.92,2565,Complex volcano,2.0,A,38.0,,,,,
1789,0,0,Oshima,Izu Is-Japan,Japan,34.73,139.38,758,Stratovolcano,2.0,T,,,,,,
1790,11,0,Kilauea,Hawaiian Is,United States,19.425,-155.292,1222,Shield volcano,4.0,P,5405.0,,,,,
1792,5,21,Unzen,Kyushu-Japan,Japan,32.75,130.3,1500,Complex volcano,2.0,"W,A",,,,,TSU,EQ
1794,6,15,Vesuvius,Italy,Italy,40.821,14.425999999999998,1281,Complex volcano,3.0,"M,L,T,G",400.0,,,,,
1800,6,24,San Jorge,Azores,Portugal,38.65,-28.08,1053,Fissure vent,1.0,L,9.0,,,,,
1800,10,8,Guntur,Java,Indonesia,-7.13,107.83,2249,Complex volcano,,M,,,,,,
1800,10,30,Mayon,Luzon-Philippines,Philippines,13.257,123.685,2462,Stratovolcano,2.0,,,,,,,
1800,0,0,St. Helens,US-Washington,United States,46.2,-122.18,2549,Stratovolcano,5.0,I,,,,,,
1800,0,0,Hualalai,Hawaiian Is,United States,19.692,-155.87,2523,Shield volcano,0.0,L,2.0,,,,,
1800,0,0,Kieyo,Africa-E,Tanzania,-9.23,33.78,2175,Stratovolcano,2.0,L,,,,,,
1801,7,0,Chokai,Honshu-Japan,Japan,39.08,140.03,2237,Stratovolcano,2.0,T,8.0,,,,,
1803,7,4,Asama,Honshu-Japan,Japan,36.4,138.53,2560,Complex volcano,2.0,,,,,,,
1803,11,7,Asama,Honshu-Japan,Japan,36.4,138.53,2560,Complex volcano,2.0,,,,,,,
1804,0,0,Shikotsu,Hokkaido-Japan,Japan,42.7,141.33,1320,Caldera,3.0,,,,,,,
1805,8,11,Vesuvius,Italy,Italy,40.821,14.425999999999998,1281,Complex volcano,2.0,,4.0,,,,,
1812,4,27,Soufriere St. Vincent,W Indies,St. Vincent & the Grenadines,13.33,-61.18,1220,Stratovolcano,4.0,"T, m",56.0,,,,,
1812,8,6,Awu,Sangihe Is-Indonesia,Indonesia,3.67,125.5,1320,Stratovolcano,3.0,"P,M",953.0,,,,,
1813,5,0,Vesuvius,Italy,Italy,40.821,14.425999999999998,1281,Complex volcano,2.0,,,,,,TSU,
1814,2,1,Mayon,Luzon-Philippines,Philippines,13.257,123.685,2462,Stratovolcano,4.0,"P,M,E",1200.0,,,,,
1815,4,10,Tambora,Lesser Sunda Is,Indonesia,-8.25,118.0,2850,Stratovolcano,7.0,"P,W,A,I",11000.0,,,,TSU,
1816,7,5,Aso,Kyushu-Japan,Japan,32.88,131.1,1592,Caldera,2.0,T,1.0,,,,,
1817,1,24,Ijen,Java,Indonesia,-8.058,114.242,2799,Stratovolcano,2.0,M,,,,,,
1817,0,0,Raung,Java,Indonesia,-8.125,114.042,3332,Stratovolcano,4.0,,,,,,,
1818,2,5,Colima,Mexico,Mexico,19.514,-103.62,3850,Stratovolcano,4.0,,,,,,,
1819,0,0,Asuncion,Mariana Is-C Pacific,United States,19.67,145.4,857,Stratovolcano,,,,,,,TSU,
1820,3,1,Westdahl,Aleutian Is,United States,54.52,-164.65,1654,Stratovolcano,2.0,,,,,,TSU,EQ
1820,6,11,Banda Api,Banda Sea,Pacific Ocean,-4.525,129.871,640,Caldera,2.0,,,,,,,
1822,3,9,Usu,Hokkaido-Japan,Japan,42.53,140.83,731,Stratovolcano,4.0,P,50.0,53.0,,,,
1822,10,8,Galunggung,Java,Indonesia,-7.25,108.05,2168,Stratovolcano,5.0,"P,M",4011.0,,,,,
1822,12,27,Merapi,Java,Indonesia,-7.542000000000001,110.44200000000001,2947,Stratovolcano,3.0,,100.0,,,,,
1823,2,0,Kilauea,Hawaiian Is,United States,19.425,-155.292,1222,Shield volcano,0.0,L,,,,,,
1825,3,21,Shishaldin,Aleutian Is,United States,54.75,-163.97,2857,Stratovolcano,3.0,,,,,,,
1825,0,0,Balbi,Bougainville-SW Paci,Papua New Guinea,-5.83,154.98,2715,Stratovolcano,,P,,,,,,
1826,10,11,Dieng Volc Complex,Java,Indonesia,-7.2,109.92,2565,Complex volcano,2.0,,,,,,,
1826,10,11,Kelut,Java,Indonesia,-7.93,112.30799999999999,1731,Stratovolcano,3.0,M,,65.0,,,,
1826,10,0,Aso,Kyushu-Japan,Japan,32.88,131.1,1592,Caldera,2.0,T,,,,,,
1827,6,27,Avachinsky,Kamchatka,Russia,53.255,158.83,2741,Stratovolcano,2.0,,,,,,TSU,EQ
1827,8,9,Avachinsky,Kamchatka,Russia,53.255,158.83,2741,Stratovolcano,2.0,,,,,,,
1829,0,0,Guntur,Java,Indonesia,-7.13,107.83,2249,Complex volcano,2.0,,,,,,,
1832,11,1,Etna,Italy,Italy,37.734,15.004000000000001,3350,Stratovolcano,2.0,L,,,,,,
1832,12,25,Merapi,Java,Indonesia,-7.542000000000001,110.44200000000001,2947,Stratovolcano,3.0,,32.0,,,,,
1833,11,24,Kaba,Sumatra,Indonesia,-3.52,102.62,1952,Stratovolcano,2.0,M,126.0,,,,,
1835,1,20,Cosiguina,Nicaragua,Nicaragua,12.98,-87.57,872,Stratovolcano,5.0,"G,I",,,,,,
1835,11,1,Banda Api,Banda Sea,Pacific Ocean,-4.525,129.871,640,Caldera,,,,,,,,EQ
1837,9,0,Peuet Sague,Sumatra,Indonesia,4.914,96.329,2801,Complex volcano,,,,,,,TSU,EQ
1838,2,26,Gamalama,Halmahera-Indonesia,Indonesia,0.8,127.325,1715,Stratovolcano,2.0,T,4.0,,,,,
1839,2,12,Unnamed,Chile-Is,Chile,-33.62,-76.83,-642,Submarine volcano,2.0,,,,,,TSU,
1840,2,2,Gamalama,Halmahera-Indonesia,Indonesia,0.8,127.325,1715,Stratovolcano,2.0,,,,,,TSU,
1840,5,30,Kilauea,Hawaiian Is,United States,19.425,-155.292,1222,Shield volcano,0.0,,,,,,TSU,
1840,7,2,Ararat,Turkey,Turkey,39.7,44.28,5165,Stratovolcano,3.0,P,1900.0,,,,,
1840,0,0,Savo,Solomon Is-SW Pacifi,Solomon Is.,-9.13,159.82,510,Stratovolcano,3.0,P,,,,,,
1840,0,0,Tinakula,Santa Cruz Is-SW Pac,Solomon Is.,-10.38,165.8,851,Stratovolcano,3.0,P,,,,,,
1841,4,0,Kuchinoerabu-jima,Ryukyu Is,Japan,30.43,130.22,649,Stratovolcano,2.0,T,,,,,,
1843,2,8,Liamuiga,W Indies,St. Kitts & Nevis,17.37,-62.8,1156,Stratovolcano,0.0,,,,,,TSU,
1843,2,17,Soufriere Guadeloupe,W Indies,Guadeloupe,16.05,-61.67,1467,Stratovolcano,,,,,,,TSU,
1843,8,0,Lamongan,Java,Indonesia,-8.0,113.34200000000001,1651,Stratovolcano,2.0,,4.0,,,,,
1843,11,17,Etna,Italy,Italy,37.734,15.004000000000001,3350,Stratovolcano,2.0,L,56.0,,,,,
1845,2,8,Soputan,Sulawesi-Indonesia,Indonesia,1.1079999999999999,124.725,1784,Stratovolcano,2.0,,,,,,TSU,EQ
1845,2,19,Ruiz,Colombia,Colombia,4.895,-75.322,5321,Stratovolcano,3.0,M,1000.0,,,,,
1845,9,2,Hekla,Iceland-S,Iceland,63.98,-19.7,1491,Stratovolcano,4.0,,,,,,,
1846,5,7,Taupo,New Zealand,New Zealand,-38.82,176.0,760,Caldera,,m,63.0,,,,,
1846,5,27,Tangkubanparahu,Java,Indonesia,-6.77,107.6,2084,Stratovolcano,2.0,,,,,,,
1846,11,18,E-san,Hokkaido-Japan,Japan,41.8,141.17,618,Stratovolcano,1.0,M,,,,,,
1847,4,9,Fogo,Cape Verde Is,Cape Verde,14.95,-24.35,2829,Stratovolcano,2.0,S,,,,,,
1847,12,4,Dieng Volc Complex,Java,Indonesia,-7.2,109.92,2565,Complex volcano,2.0,,,,,,,
1848,5,16,Kelut,Java,Indonesia,-7.93,112.30799999999999,1731,Stratovolcano,2.0,M,21.0,,,,,
1850,0,0,Rabaul,New Britain-SW Pac,Papua New Guinea,-4.271,152.203,688,Pyroclastic shield,2.0,T,,,,,,
1853,6,24,Niuafo'ou,Tonga-SW Pacific,Tonga,-15.6,-175.63,260,Shield volcano,0.0,L,25.0,,,,,
1853,7,13,Mayon,Luzon-Philippines,Philippines,13.257,123.685,2462,Stratovolcano,3.0,P,34.0,,,,,
1853,10,29,Unnamed,Taiwan-E of,Taiwan,24.0,121.83,0,Submarine volcano,2.0,,,,,,TSU,
1854,2,18,Shiveluch,Kamchatka,Russia,56.653,161.36,3283,Stratovolcano,5.0,,,,,,,
1854,2,0,Aso,Kyushu-Japan,Japan,32.88,131.1,1592,Caldera,2.0,,3.0,,,,,
1854,6,27,Alaid,Kuril Is,Russia,50.858000000000004,155.55,2339,Stratovolcano,3.0,,,,,,TSU,
1856,3,2,Awu,Sangihe Is-Indonesia,Indonesia,3.67,125.5,1320,Stratovolcano,3.0,P,2806.0,,,,TSU,EQ
1856,7,26,Shishaldin,Aleutian Is,United States,54.75,-163.97,2857,Stratovolcano,,,,,,,TSU,
1856,9,25,Komaga-take,Hokkaido-Japan,Japan,42.07,140.68,1140,Stratovolcano,4.0,P,20.0,,,,,
1857,4,17,Umboi,New Guinea-NE of,Papua New Guinea,-5.5889999999999995,147.875,1548,Complex volcano,,,,,,,TSU,EQ
1858,1,0,Mayon,Luzon-Philippines,Philippines,13.257,123.685,2462,Stratovolcano,2.0,P,,,,,,
1858,4,23,Tate-yama,Honshu-Japan,Japan,36.57,137.6,2621,Stratovolcano,,m,,,,,,EQ
1858,7,3,Tate-yama,Honshu-Japan,Japan,36.57,137.6,2621,Stratovolcano,,m,,,,,,
1860,4,0,Semeru,Java,Indonesia,-8.107999999999999,112.92,3676,Stratovolcano,2.0,,,,,,,
1860,8,18,Fuego,Guatemala,Guatemala,14.472999999999999,-90.88,3763,Stratovolcano,2.0,,,,,,,
1860,0,0,Grimsvotn,Iceland-NE,Iceland,64.42,-17.33,1725,Caldera,,m,1.0,,,,,
1861,5,7,Dubbi,Africa-NE,Eritrea,13.58,41.808,1625,Stratovolcano,3.0,,106.0,,,,,EQ
1861,5,0,Grimsvotn,Iceland-NE,Iceland,64.42,-17.33,1725,Caldera,2.0,,,,,,,
1861,12,29,Makian,Halmahera-Indonesia,Indonesia,0.32,127.4,1357,Stratovolcano,4.0,"P,I",326.0,47.0,,,,
1863,8,17,Yasur,Vanuatu-SW Pacific,Vanuatu,-19.52,169.425,361,Stratovolcano,,,,,,,TSU,EQ
1864,1,3,Kelut,Java,Indonesia,-7.93,112.30799999999999,1731,Stratovolcano,2.0,M,54.0,,,,,
1866,2,20,Santorini,Greece,Greece,36.404,25.396,329,Shield volcano,2.0,T,1.0,,,,,
1866,9,12,Ofu-Olosega,Samoa-SW Pacific,United States,-14.175,-169.618,639,Shield volcano,2.0,,,,,,TSU,
1867,10,21,Zao,Honshu-Japan,Japan,38.15,140.45,1841,Complex volcano,2.0,M,3.0,,,,,
1868,4,3,Mauna Loa,Hawaiian Is,United States,19.475,-155.608,4170,Shield volcano,2.0,"W,M",,,,,TSU,EQ
1868,9,5,Etna,Italy,Italy,37.734,15.004000000000001,3350,Stratovolcano,,,,,,,TSU,EQ
1869,7,7,Lewotobi,Lesser Sunda Is,Indonesia,-8.53,122.775,1703,Stratovolcano,2.0,,2.0,,,,,
1869,8,0,Lamongan,Java,Indonesia,-8.0,113.34200000000001,1651,Stratovolcano,2.0,"T,A",8.0,,,,,
1870,8,0,Ruang,Sangihe Is-Indonesia,Indonesia,2.28,125.425,725,Stratovolcano,2.0,,,,,,,
1870,0,0,Aoba,Vanuatu-SW Pacific,Vanuatu,-15.4,167.83,1496,Shield volcano,2.0,M,,,,,,
1870,0,0,Iliwerung,Lesser Sunda Is,Indonesia,-8.54,123.59,1018,Complex volcano,3.0,,,,,,,
1871,3,3,Ruang,Sangihe Is-Indonesia,Indonesia,2.28,125.425,725,Stratovolcano,2.0,W,,,,,TSU,
1871,4,30,Camiguin,Mindanao-Philippines,Philippines,9.203,124.67299999999999,1332,Stratovolcano,2.0,,,,,,TSU,EQ
1871,8,7,Gamalama,Halmahera-Indonesia,Indonesia,0.8,127.325,1715,Stratovolcano,2.0,T,1.0,1.0,,,,
1871,12,8,Mayon,Luzon-Philippines,Philippines,13.257,123.685,2462,Stratovolcano,3.0,P,3.0,,,,,
1872,4,15,Merapi,Java,Indonesia,-7.542000000000001,110.44200000000001,2947,Stratovolcano,4.0,T,30.0,,,,,
1872,4,17,Merapi,Java,Indonesia,-7.542000000000001,110.44200000000001,2947,Stratovolcano,4.0,P,170.0,,,,,
1872,4,24,Vesuvius,Italy,Italy,40.821,14.425999999999998,1281,Complex volcano,3.0,"L,G",9.0,11.0,,,,
1872,11,3,Merapi,Java,Indonesia,-7.542000000000001,110.44200000000001,2947,Stratovolcano,4.0,"P,T",200.0,,,,,
1872,12,0,Aso,Kyushu-Japan,Japan,32.88,131.1,1592,Caldera,3.0,T,4.0,,,,,
1872,0,0,Sinarka,Kuril Is,Russia,48.875,154.175,934,Stratovolcano,4.0,P,,,,,,
1873,1,16,Ragang,Mindanao-Philippines,Philippines,7.67,124.5,2815,Stratovolcano,2.0,,,,,,,
1873,0,0,Vesuvius,Italy,Italy,40.821,14.425999999999998,1281,Complex volcano,,"G,T",9.0,,,,,
1874,7,3,Miyake-jima,Izu Is-Japan,Japan,34.08,139.53,815,Stratovolcano,3.0,T,1.0,,,,,
1874,7,19,Taal,Luzon-Philippines,Philippines,14.002,120.993,400,Stratovolcano,2.0,,,,,,,
1875,1,29,Kelut,Java,Indonesia,-7.93,112.30799999999999,1731,Stratovolcano,0.0,m,,,,,,
1875,3,29,Askja,Iceland-NE,Iceland,65.03,-16.75,1516,Stratovolcano,5.0,,,,,,,
1875,0,0,Mayon,Luzon-Philippines,Philippines,13.257,123.685,2462,Stratovolcano,,m,1500.0,,,,,
1877,2,14,Mauna Loa,Hawaiian Is,United States,19.475,-155.608,4170,Shield volcano,0.0,,,,,,TSU,EQ
1877,6,25,Cotopaxi,Ecuador,Ecuador,-0.677,-78.436,5911,Stratovolcano,4.0,M,340.0,,,,,
1878,1,10,Yasur,Vanuatu-SW Pacific,Vanuatu,-19.52,169.425,361,Stratovolcano,3.0,,,,,,TSU,
1878,1,0,Rabaul,New Britain-SW Pac,Papua New Guinea,-4.271,152.203,688,Pyroclastic shield,3.0,T,1.0,,,,TSU,EQ
1878,2,11,Yasur,Vanuatu-SW Pacific,Vanuatu,-19.52,169.425,361,Stratovolcano,,,,,,,TSU,EQ
1878,8,29,Okmok,Aleutian Is,United States,53.42,-168.13,1073,Shield volcano,2.0,,,,,,TSU,EQ
1879,2,4,Stromboli,Italy,Italy,38.789,15.213,926,Stratovolcano,2.0,,,,,,TSU,
1883,3,0,Karthala,Indian O-W,Comoros,-11.75,43.38,2361,Shield volcano,2.0,L,,,,,,
1883,8,27,Krakatau,Indonesia,Indonesia,-6.102,105.42299999999999,813,Caldera,6.0,"W,P,I",2000.0,,,,TSU,
1883,10,6,Augustine,Alaska-SW,United States,59.37,-153.42,1252,Lava dome,4.0,,8.0,,,,TSU,
1883,10,10,Krakatau,Indonesia,Indonesia,-6.102,105.42299999999999,813,Caldera,,,,,,,TSU,
1883,12,0,Bagana,Bougainville-SW Paci,Papua New Guinea,-6.14,155.195,1750,Lava cone,3.0,T,,,,,,
1884,2,0,Krakatau,Indonesia,Indonesia,-6.102,105.42299999999999,813,Caldera,,,,,,,TSU,
1885,4,18,Semeru,Java,Indonesia,-8.107999999999999,112.92,3676,Stratovolcano,2.0,A,74.0,,,,,
1885,5,25,Purace,Colombia,Colombia,2.32,-76.4,4650,Stratovolcano,3.0,,,,,,,EQ
1886,1,11,Tungurahua,Ecuador,Ecuador,-1.4669999999999999,-78.442,5023,Stratovolcano,4.0,P,2.0,,,,,
1886,6,10,Okataina,New Zealand,New Zealand,-38.12,176.5,1111,Lava dome,2.0,T,153.0,,,,,
1886,8,31,Niuafo'ou,Tonga-SW Pacific,Tonga,-15.6,-175.63,260,Shield volcano,4.0,,,,,,,
1887,3,9,Mayon,Luzon-Philippines,Philippines,13.257,123.685,2462,Stratovolcano,3.0,T,15.0,,,,,
1888,3,13,Ritter Island,New Guinea-NE of,Papua New Guinea,-5.52,148.121,140,Stratovolcano,3.0,W,,,,,TSU,
1888,7,15,Bandai,Honshu-Japan,Japan,37.6,140.08,1819,Stratovolcano,4.0,"A,P",461.0,70.0,,,,
1889,9,6,Banua Wuhu,Sangihe Is-Indonesia,Indonesia,3.138,125.491,-5,Submarine volcano,2.0,,,,,,TSU,EQ
1890,6,29,Makian,Halmahera-Indonesia,Indonesia,0.32,127.4,1357,Stratovolcano,2.0,,,,,,,
1890,0,0,Victory,New Guinea,Papua New Guinea,-9.2,149.07,1925,Stratovolcano,2.0,P,,,,,,
1892,5,21,Sorikmarapi,Sumatra,Indonesia,0.6859999999999999,99.539,2145,Stratovolcano,2.0,M,180.0,,,,,
1892,6,7,Awu,Sangihe Is-Indonesia,Indonesia,3.67,125.5,1320,Stratovolcano,3.0,"P,M",1532.0,,,,TSU,
1892,8,30,Tofua,Tonga-SW Pacific,Tonga,-19.75,-175.07,512,Caldera,2.0,,,,,,TSU,
1893,1,7,Calbuco,Chile-S,Chile,-41.326,-72.61399999999999,2003,Stratovolcano,4.0,,,,,,,
1893,5,19,Azuma,Honshu-Japan,Japan,37.73,140.25,2024,Stratovolcano,2.0,T,2.0,,,,,
1894,10,0,Ambrym,Vanuatu-SW Pacific,Vanuatu,-16.25,168.12,1334,Pyroclastic shield,3.0,"T,L",10.0,,,,,
1895,5,22,Semeru,Java,Indonesia,-8.107999999999999,112.92,3676,Stratovolcano,2.0,,,,,,,
1895,6,17,Karkar,New Guinea-NE of,Papua New Guinea,-4.649,145.964,1839,Stratovolcano,2.0,"I,M",1.0,,,,,
1895,10,16,Kirishima,Kyushu-Japan,Japan,31.93,130.87,1700,Shield volcano,2.0,T,4.0,,,,,
1895,0,0,Dakataua,New Britain-SW Pac,Papua New Guinea,-5.056,150.108,400,Caldera,2.0,?,,,,,,
1896,3,15,Kirishima,Kyushu-Japan,Japan,31.93,130.87,1700,Shield volcano,2.0,T,1.0,1.0,,,,
1897,3,26,Tinakula,Santa Cruz Is-SW Pac,Solomon Is.,-10.38,165.8,851,Stratovolcano,2.0,W,,,,,TSU,
1897,5,23,Mayon,Luzon-Philippines,Philippines,13.257,123.685,2462,Stratovolcano,3.0,"P,T,M",350.0,,,,,
1899,11,13,Dona Juana,Colombia,Colombia,1.47,-76.92,4150,Stratovolcano,4.0,P,55.0,,,,,
1899,0,0,Manam,New Guinea-NE of,Papua New Guinea,-4.1,145.061,1807,Stratovolcano,2.0,,2.0,,,,,
1900,1,22,Asama,Honshu-Japan,Japan,36.4,138.53,2560,Complex volcano,2.0,,25.0,,,,,
1900,2,16,Kirishima,Kyushu-Japan,Japan,31.93,130.87,1700,Shield volcano,2.0,,2.0,3.0,,,,
1900,7,17,Adatara,Honshu-Japan,Japan,37.62,140.28,1718,Stratovolcano,2.0,T,72.0,10.0,,,,
1900,0,0,Tullu Moje,Africa-NE,Ethiopia,8.158,39.13,2349,Pumice cone,,,,,,,,
1901,5,22,Kelut,Java,Indonesia,-7.93,112.30799999999999,1731,Stratovolcano,3.0,,,,,,,
1901,8,9,Epi,Vanuatu-SW Pacific,Vanuatu,-16.68,168.37,833,Stratovolcano,,,,,,,TSU,EQ
1902,5,5,Pelee,W Indies,Martinique,14.82,-61.17,1397,Stratovolcano,,,23.0,,,,TSU,
1902,5,7,Soufriere St. Vincent,W Indies,St. Vincent & the Grenadines,13.33,-61.18,1220,Stratovolcano,4.0,P,1680.0,,,,TSU,
1902,5,8,Pelee,W Indies,Martinique,14.82,-61.17,1397,Stratovolcano,4.0,P,28000.0,,,,TSU,
1902,5,20,Pelee,W Indies,Martinique,14.82,-61.17,1397,Stratovolcano,,,,,,,TSU,
1902,8,7,Tori-shima,Izu Is-Japan,Japan,30.48,140.32,403,Stratovolcano,3.0,,125.0,,,,,
1902,8,30,Pelee,W Indies,Martinique,14.82,-61.17,1397,Stratovolcano,4.0,P,1500.0,,,,TSU,
1902,10,25,Santa Maria,Guatemala,Guatemala,14.755999999999998,-91.552,3772,Stratovolcano,6.0,"T,G",2500.0,,,,,
1902,12,0,Merapi,Java,Indonesia,-7.542000000000001,110.44200000000001,2947,Stratovolcano,2.0,P,16.0,45.0,,,,
1903,8,30,Okataina,New Zealand,New Zealand,-38.12,176.5,1111,Lava dome,1.0,T,4.0,,,,,
1903,0,0,Karthala,Indian O-W,Comoros,-11.75,43.38,2361,Shield volcano,,G,17.0,,,,,
1904,2,25,Karthala,Indian O-W,Comoros,-11.75,43.38,2361,Shield volcano,2.0,L,1.0,,,,,
1905,3,10,Vesuvius,Italy,Italy,40.821,14.425999999999998,1281,Complex volcano,2.0,T,1.0,1.0,,,,
1905,8,4,Savai'i,Samoa-SW Pacific,Samoa,-13.612,-172.525,1858,Shield volcano,2.0,,,,,,TSU,
1906,4,4,Vesuvius,Italy,Italy,40.821,14.425999999999998,1281,Complex volcano,3.0,"T,L",350.0,300.0,,,TSU,
1907,7,0,Unnamed,Tonga-SW Pacific,Tonga,-21.38,-175.65,-500,Submarine volcano,0.0,,,,,,TSU,EQ
1907,8,4,Alayta,Africa-NE,Ethiopia,12.88,40.57,1501,Shield volcano,2.0,,,,,,,
1907,9,28,Lewotobi,Lesser Sunda Is,Indonesia,-8.53,122.775,1703,Stratovolcano,2.0,,1.0,,,,,
1907,10,6,Savai'i,Samoa-SW Pacific,Samoa,-13.612,-172.525,1858,Shield volcano,,,,,,,TSU,
1909,4,28,"Cameroon, Mt.",Africa-W,Cameroon,4.203,9.17,4095,Stratovolcano,2.0,,,,,,,EQ
1909,9,0,Semeru,Java,Indonesia,-8.107999999999999,112.92,3676,Stratovolcano,2.0,m,221.0,,,,,
1910,3,20,Taupo,New Zealand,New Zealand,-38.82,176.0,760,Caldera,,m,1.0,,,,,
1910,7,25,Usu,Hokkaido-Japan,Japan,42.53,140.83,731,Stratovolcano,2.0,M,1.0,,,,,
1911,1,30,Taal,Luzon-Philippines,Philippines,14.002,120.993,400,Stratovolcano,3.0,"P,W",1335.0,199.0,,,TSU,EQ
1911,5,8,Asama,Honshu-Japan,Japan,36.4,138.53,2560,Complex volcano,2.0,,1.0,,,,,
1911,8,15,Asama,Honshu-Japan,Japan,36.4,138.53,2560,Complex volcano,2.0,,,,,,,
1911,11,3,Piparo,Trinidad,Trinidad ,10.0,-61.0,140,Mud volcano,,,,,,,TSU,
1911,11,8,Semeru,Java,Indonesia,-8.107999999999999,112.92,3676,Stratovolcano,3.0,,,,,,,
1912,9,6,Novarupta,Alaska Peninsula,United States,58.27,-155.16,841,Caldera,6.0,T,2.0,,,,,
1912,12,3,Nyamuragira,Africa-C,"Congo, DRC",-1.4080000000000001,29.2,3058,Shield volcano,3.0,L,20.0,,,,,
1913,1,20,Colima,Mexico,Mexico,19.514,-103.62,3850,Stratovolcano,4.0,"P,m",13.0,,,,,
1913,3,14,Awu,Sangihe Is-Indonesia,Indonesia,3.67,125.5,1320,Stratovolcano,2.0,,,,,,TSU,EQ
1913,5,29,Asama,Honshu-Japan,Japan,36.4,138.53,2560,Complex volcano,1.0,T,1.0,,,,,
1913,6,23,Semeru,Java,Indonesia,-8.107999999999999,112.92,3676,Stratovolcano,2.0,,,,,,,
1913,12,6,Ambrym,Vanuatu-SW Pacific,Vanuatu,-16.25,168.12,1334,Pyroclastic shield,3.0,T,21.0,,,,,
1914,1,12,Sakura-jima,Kyushu-Japan,Japan,31.58,130.67,1117,Stratovolcano,4.0,"I,S,A,T",28.0,,,0.04,TSU,EQ
1914,1,18,Pago,New Britain-SW Pac,Papua New Guinea,-5.58,150.52,742,Caldera,3.0,I,,,,,,
1914,9,10,White Island,New Zealand,New Zealand,-37.52,177.18,321,Stratovolcano,,A,11.0,,,,,
1914,0,0,Aoba,Vanuatu-SW Pacific,Vanuatu,-15.4,167.83,1496,Shield volcano,,L,100.0,,,,,
1916,3,3,Tungurahua,Ecuador,Ecuador,-1.4669999999999999,-78.442,5023,Stratovolcano,4.0,,,,,,,
1916,7,3,Stromboli,Italy,Italy,38.789,15.213,926,Stratovolcano,3.0,,,,,,TSU,
1917,1,1,"Lengai, Ol Doinyo",Africa-E,Tanzania,-2.7510000000000003,35.902,2890,Stratovolcano,3.0,,,,,,,
1917,4,1,Okataina,New Zealand,New Zealand,-38.12,176.5,1111,Lava dome,1.0,T,2.0,3.0,,,,
1917,4,0,Calbuco,Chile-S,Chile,-41.326,-72.61399999999999,2003,Stratovolcano,3.0,,,,,,,
1917,6,7,San Salvador,El Salvador,El Salvador,13.735999999999999,-89.286,1893,Stratovolcano,3.0,"S,L",325.0,,,,,EQ
1918,7,18,Banua Wuhu,Sangihe Is-Indonesia,Indonesia,3.138,125.491,-5,Submarine volcano,3.0,,,,,,TSU,
1918,10,12,Katla,Iceland-S,Iceland,63.63,-19.05,1512,Subglacial volcano,4.0,,,,,,,
1919,2,19,Popocatepetl,Mexico,Mexico,19.023,-98.62200000000001,5426,Stratovolcano,1.0,A,,,,,,
1919,4,3,Banua Wuhu,Sangihe Is-Indonesia,Indonesia,3.138,125.491,-5,Submarine volcano,,,,,,,TSU,
1919,5,19,Kelut,Java,Indonesia,-7.93,112.30799999999999,1731,Stratovolcano,4.0,M,5110.0,,,,,
1919,5,22,Stromboli,Italy,Italy,38.789,15.213,926,Stratovolcano,3.0,T,4.0,,,,TSU,
1919,7,6,Nasu,Honshu-Japan,Japan,37.12,139.97,1917,Stratovolcano,,G,2.0,,,,,
1919,9,29,Mauna Loa,Hawaiian Is,United States,19.475,-155.608,4170,Shield volcano,0.0,,,,,,TSU,
1920,7,25,Merapi,Java,Indonesia,-7.542000000000001,110.44200000000001,2947,Stratovolcano,3.0,P,33.0,,,,,
1920,10,29,Izalco,El Salvador,El Salvador,13.812999999999999,-89.633,1950,Stratovolcano,3.0,P,,,,,,
1921,11,26,Nasu,Honshu-Japan,Japan,37.12,139.97,1917,Stratovolcano,,G,1.0,,,,,
1923,3,2,"Cendres, Ile des",SE Asia,Vietnam,10.158,109.014,-20,Submarine volcanoes,2.0,L,,,,,TSU,EQ
1923,3,11,Papandayan,Java,Indonesia,-7.32,107.73,2665,Stratovolcano,1.0,G,1.0,,,,,
1923,6,0,Tangkubanparahu,Java,Indonesia,-6.77,107.6,2084,Stratovolcano,,G,3.0,,,,,
1923,7,1,Kirishima,Kyushu-Japan,Japan,31.93,130.87,1700,Shield volcano,2.0,,1.0,,,,,
1924,5,10,Kilauea,Hawaiian Is,United States,19.425,-155.292,1222,Shield volcano,2.0,T,1.0,,,,,
1926,5,24,Tokachi,Hokkaido-Japan,Japan,43.42,142.68,2077,Stratovolcano,3.0,"M,T",144.0,207.0,,,,
1927,9,5,Esjufjoll,Iceland-SE,Iceland,64.27,-16.65,1760,Stratovolcano,1.0,M,1.0,,,,,
1928,1,23,Santorini,Greece,Greece,36.404,25.396,329,Shield volcano,2.0,S,48.0,,,,,
1928,1,0,Mayon,Luzon-Philippines,Philippines,13.257,123.685,2462,Stratovolcano,3.0,P,,,,,,
1928,3,28,Krakatau,Indonesia,Indonesia,-6.102,105.42299999999999,813,Caldera,,,,,,,TSU,
1928,5,13,Dieng Volc Complex,Java,Indonesia,-7.2,109.92,2565,Complex volcano,2.0,T,40.0,,,,,
1928,8,4,Paluweh,Lesser Sunda Is,Indonesia,-8.32,121.708,875,Stratovolcano,3.0,"W,T",98.0,,,,TSU,
1928,11,2,Etna,Italy,Italy,37.734,15.004000000000001,3350,Stratovolcano,1.0,L,5.0,,,,,
1929,1,6,Calbuco,Chile-S,Chile,-41.326,-72.61399999999999,2003,Stratovolcano,3.0,,,,,,,
1929,6,17,Komaga-take,Hokkaido-Japan,Japan,42.07,140.68,1140,Stratovolcano,4.0,T,2.0,4.0,,,,
1929,8,2,Etna,Italy,Italy,37.734,15.004000000000001,3350,Stratovolcano,2.0,T,2.0,,,,,
1929,11,2,Santa Maria,Guatemala,Guatemala,14.755999999999998,-91.552,3772,Stratovolcano,3.0,"P,M",200.0,,,,,
1930,3,17,Krakatau,Indonesia,Indonesia,-6.102,105.42299999999999,813,Caldera,2.0,,,,,,TSU,
1930,8,20,Asama,Honshu-Japan,Japan,36.4,138.53,2560,Complex volcano,3.0,T,6.0,,,,,
1930,9,11,Stromboli,Italy,Italy,38.789,15.213,926,Stratovolcano,3.0,P,5.0,20.0,,,TSU,
1930,12,18,Merapi,Java,Indonesia,-7.542000000000001,110.44200000000001,2947,Stratovolcano,3.0,"P,M",1369.0,,,,,
1931,8,20,Asama,Honshu-Japan,Japan,36.4,138.53,2560,Complex volcano,3.0,,3.0,,,,,
1932,1,21,Fuego,Guatemala,Guatemala,14.472999999999999,-90.88,3763,Stratovolcano,4.0,,,,,,,
1932,2,0,Merapi,Java,Indonesia,-7.542000000000001,110.44200000000001,2947,Stratovolcano,,m,,,,,,
1932,10,1,Kusatsu-Shirane,Honshu-Japan,Japan,36.62,138.55,2176,Stratovolcano,3.0,M,2.0,7.0,,,,
1933,1,8,Kharimkotan,Kuril Is,Russia,49.12,154.50799999999998,1145,Stratovolcano,3.0,W,,,,,TSU,
1933,5,10,Hakone,Honshu-Japan,Japan,35.22,139.02,1438,Complex volcano,,G,1.0,,,,,
1933,12,24,Kuchinoerabu-jima,Ryukyu Is,Japan,30.43,130.22,649,Stratovolcano,4.0,T,8.0,26.0,,,,
1933,12,25,Bulusan,Luzon-Philippines,Philippines,12.77,124.05,1565,Stratovolcano,2.0,,,,,,TSU,
1934,0,0,Hood,US-Oregon,United States,45.373999999999995,-121.694,3426,Stratovolcano,,G,1.0,,,,,
1936,2,0,Asama,Honshu-Japan,Japan,36.4,138.53,2560,Complex volcano,3.0,"P,T",2.0,,,,,
1937,2,9,Llaima,Chile-C,Chile,-38.692,-71.729,3125,Stratovolcano,2.0,F,3.0,,,,,
1937,5,29,Rabaul,New Britain-SW Pac,Papua New Guinea,-4.271,152.203,688,Pyroclastic shield,4.0,"P,T,W,I",507.0,,,,TSU,EQ
1938,1,28,Nyamuragira,Africa-C,"Congo, DRC",-1.4080000000000001,29.2,3058,Shield volcano,1.0,,,,,,TSU,
1938,5,9,Bandai,Honshu-Japan,Japan,37.6,140.08,1819,Stratovolcano,,m,2.0,,,,,
1938,6,5,Mayon,Luzon-Philippines,Philippines,13.257,123.685,2462,Stratovolcano,2.0,,,,,,,
1938,7,16,Asama,Honshu-Japan,Japan,36.4,138.53,2560,Complex volcano,1.0,T,,,,,,
1939,7,24,Kick-'em-Jenny,W Indies,Netherlands,12.3,-61.63,-177,Submarine volcano,1.0,T,,,,,TSU,
1939,8,17,Tori-shima,Izu Is-Japan,Japan,30.48,140.32,403,Stratovolcano,2.0,,2.0,,,,,
1939,10,13,Dieng Volc Complex,Java,Indonesia,-7.2,109.92,2565,Complex volcano,1.0,T,10.0,,,,,
1940,6,20,Karangetang [Api Siau],Sangihe Is-Indonesia,Indonesia,2.78,125.48,1784,Stratovolcano,2.0,,1.0,2.0,,,,
1940,7,12,Miyake-jima,Izu Is-Japan,Japan,34.08,139.53,815,Stratovolcano,2.0,L,11.0,20.0,,,,
1940,7,24,"Lengai, Ol Doinyo",Africa-E,Tanzania,-2.7510000000000003,35.902,2890,Stratovolcano,2.0,,,,,,,
1941,7,13,Asama,Honshu-Japan,Japan,36.4,138.53,2560,Complex volcano,2.0,T,1.0,1.0,,,,
1941,9,21,Semeru,Java,Indonesia,-8.107999999999999,112.92,3676,Stratovolcano,2.0,,,,,,,
1943,2,20,Michoacan-Guanajuato,Mexico,Mexico,19.48,-102.25,3860,Cinder cone,4.0,"E,I",3.0,,,,,
1943,4,13,"Azul, Cerro",Galapagos,Ecuador,-0.9,-91.42,1690,Shield volcano,3.0,T,1.0,,,,,
1944,3,27,Vesuvius,Italy,Italy,40.821,14.425999999999998,1281,Complex volcano,2.0,"T,L,I",27.0,,,,,
1944,6,10,Cleveland,Aleutian Is,United States,52.82,-169.95,1730,Stratovolcano,3.0,T,1.0,,,,,
1944,6,23,Usu,Hokkaido-Japan,Japan,42.53,140.83,731,Stratovolcano,2.0,T,1.0,,,,,
1944,8,20,Stromboli,Italy,Italy,38.789,15.213,926,Stratovolcano,2.0,,,,,,TSU,
1944,8,26,Usu,Hokkaido-Japan,Japan,42.53,140.83,731,Stratovolcano,2.0,G,1.0,,,,,
1944,12,4,Dieng Volc Complex,Java,Indonesia,-7.2,109.92,2565,Complex volcano,2.0,T,117.0,250.0,,,,
1946,1,0,Sakura-jima,Kyushu-Japan,Japan,31.58,130.67,1117,Stratovolcano,2.0,,1.0,,,,,
1946,2,0,Semeru,Java,Indonesia,-8.107999999999999,112.92,3676,Stratovolcano,2.0,F,6.0,,,,,
1946,10,29,Semeru,Java,Indonesia,-8.107999999999999,112.92,3676,Stratovolcano,2.0,,,,,,,
1946,11,13,Sarychev Peak,Kuril Is,Russia,48.092,153.2,1496,Stratovolcano,4.0,,,,,,TSU,
1947,1,7,Mayon,Luzon-Philippines,Philippines,13.257,123.685,2462,Stratovolcano,2.0,,,,,,,
1947,7,6,Asama,Honshu-Japan,Japan,36.4,138.53,2560,Complex volcano,2.0,,11.0,,,,,
1947,9,16,Akagi,Honshu-Japan,Japan,36.53,139.18,1828,Stratovolcano,,m,699.0,,,,,
1947,11,2,Hekla,Iceland-S,Iceland,63.98,-19.7,1491,Stratovolcano,4.0,L,1.0,,,,,
1948,4,7,Iliwerung,Lesser Sunda Is,Indonesia,-8.54,123.59,1018,Complex volcano,2.0,,,,,,,
1949,1,1,Villarrica,Chile-C,Chile,-39.42,-71.93,2847,Stratovolcano,3.0,M,54.0,,,,,
1949,5,26,Purace,Colombia,Colombia,2.32,-76.4,4650,Stratovolcano,2.0,T,17.0,,,,,
1949,6,0,Camiguin,Mindanao-Philippines,Philippines,9.203,124.67299999999999,1332,Stratovolcano,3.0,P,2.0,,,,,
1950,8,28,Semeru,Java,Indonesia,-8.107999999999999,112.92,3676,Stratovolcano,1.0,P,6.0,,,,,
1950,9,15,Camiguin,Mindanao-Philippines,Philippines,9.203,124.67299999999999,1332,Stratovolcano,3.0,P,68.0,,,,,
1950,9,23,Asama,Honshu-Japan,Japan,36.4,138.53,2560,Complex volcano,2.0,T,1.0,1.0,,,,
1951,1,21,Lamington,New Guinea,Papua New Guinea,-8.95,148.15,1680,Stratovolcano,4.0,P,2942.0,,,,,
1951,8,3,Cosiguina,Nicaragua,Nicaragua,12.98,-87.57,872,Stratovolcano,,,,,,,TSU,EQ
1951,8,31,Kelut,Java,Indonesia,-7.93,112.30799999999999,1731,Stratovolcano,3.0,,7.0,,,,,
1951,11,5,Hakone,Honshu-Japan,Japan,35.22,139.02,1438,Complex volcano,,G,2.0,,,,,
1951,12,4,Camiguin,Mindanao-Philippines,Philippines,9.203,124.67299999999999,1332,Stratovolcano,3.0,P,500.0,,1500.0,,,
1951,0,0,Kavachi,Solomon Is-SW Pacifi,Solomon Is.,-9.02,157.95,-20,Submarine volcano,2.0,,,,,,TSU,
1952,3,27,Hakone,Honshu-Japan,Japan,35.22,139.02,1438,Complex volcano,,G,1.0,,,,,
1952,9,16,Myojun Knoll,Izu Is-Japan,Japan,32.1,139.85,360,Submarine volcano,2.0,,,,,,TSU,
1952,9,23,Myojun Knoll,Izu Is-Japan,Japan,32.1,139.85,360,Submarine volcano,2.0,,,,,,TSU,
1952,9,24,Myojun Knoll,Izu Is-Japan,Japan,32.1,139.85,360,Submarine volcano,2.0,P,31.0,,,,TSU,
1952,9,26,Myojun Knoll,Izu Is-Japan,Japan,32.1,139.85,360,Submarine volcano,2.0,,,,,,TSU,
1952,0,0,Ambalatungan Group,Luzon-Philippines,Philippines,17.32,121.1,2329,Compound volcano,1.0,,12.0,,,,,
1953,3,11,Myojun Knoll,Izu Is-Japan,Japan,32.1,139.85,360,Submarine volcano,2.0,,,,,,TSU,
1953,3,23,Merapi,Java,Indonesia,-7.542000000000001,110.44200000000001,2947,Stratovolcano,3.0,P,64.0,57.0,,,,
1953,3,25,Myojun Knoll,Izu Is-Japan,Japan,32.1,139.85,360,Submarine volcano,2.0,,,,,,TSU,
1953,4,27,Aso,Kyushu-Japan,Japan,32.88,131.1,1592,Caldera,2.0,T,6.0,,,,,
1953,6,27,St. Andrew Strait,Admiralty Is-SW Paci,Papua New Guinea,-2.38,147.35,270,Complex volcano,0.0,,,,,,TSU,
1953,6,0,Sirung,Lesser Sunda Is,Indonesia,-8.51,124.148,862,Complex volcano,0.0,,5.0,1.0,,,,
1953,7,26,Hakone,Honshu-Japan,Japan,35.22,139.02,1438,Complex volcano,,A,10.0,,,,,
1953,10,5,Oshima,Izu Is-Japan,Japan,34.73,139.38,758,Stratovolcano,1.0,,1.0,,,,,
1953,12,24,Ruapehu,New Zealand,New Zealand,-39.28,175.57,2797,Stratovolcano,,m,151.0,,,,,
1954,2,0,Stromboli,Italy,Italy,38.789,15.213,926,Stratovolcano,,,,,,,TSU,
1954,7,21,Tate-yama,Honshu-Japan,Japan,36.57,137.6,2621,Stratovolcano,,G,1.0,,,,,
1954,8,3,Bam,New Guinea-NE of,Papua New Guinea,-3.6,144.85,685,Stratovolcano,2.0,I,,,,,,
1954,0,0,Camiguin,Mindanao-Philippines,Philippines,9.203,124.67299999999999,1332,Stratovolcano,,m,2.0,,,,,
1955,7,26,Carran-Los Venados,Chile-C,Chile,-40.35,-72.07,1114,Pyroclastic cone,4.0,G,2.0,,,,,
1955,10,13,Sakura-jima,Kyushu-Japan,Japan,31.58,130.67,1117,Stratovolcano,3.0,,,,,,,
1956,3,30,Bezymianny,Kamchatka,Russia,55.978,160.58700000000002,2882,Stratovolcano,5.0,,,,,,TSU,
1957,3,11,Vsevidof,Aleutian Is,United States,53.13,-168.68,2149,Stratovolcano,2.0,,,,,,,EQ
1957,7,0,Unzen,Kyushu-Japan,Japan,32.75,130.3,1500,Complex volcano,,m,13.0,,,,,
1957,8,0,Oshima,Izu Is-Japan,Japan,34.73,139.38,758,Stratovolcano,2.0,T,1.0,53.0,,,,
1957,10,0,Aso,Kyushu-Japan,Japan,32.88,131.1,1592,Caldera,2.0,T,12.0,,,,,
1958,7,12,Mahawu,Sulawesi-Indonesia,Indonesia,1.358,124.85799999999999,1324,Stratovolcano,2.0,M,1.0,10.0,,,,
1958,7,21,Daisetsu,Hokkaido-Japan,Japan,43.68,142.88,2290,Stratovolcano,,G,2.0,,,,,
1958,10,7,Kuwae,Vanuatu-SW Pacific,Vanuatu,-16.829,168.53599999999997,-2,Caldera,2.0,,,,,,TSU,
1960,5,25,Puyehue,Chile-C,Chile,-40.59,-72.117,2236,Stratovolcano,3.0,,,,,,TSU,EQ
1961,1,25,Calbuco,Chile-S,Chile,-41.326,-72.61399999999999,2003,Stratovolcano,3.0,,,,,,,
1961,4,23,Tate-yama,Honshu-Japan,Japan,36.57,137.6,2621,Stratovolcano,,G,1.0,,,,,
1961,5,8,Merapi,Java,Indonesia,-7.542000000000001,110.44200000000001,2947,Stratovolcano,3.0,P,6.0,6.0,,,,
1961,6,18,Daisetsu,Hokkaido-Japan,Japan,43.68,142.88,2290,Stratovolcano,,G,2.0,,,,,
1961,8,18,Asama,Honshu-Japan,Japan,36.4,138.53,2560,Complex volcano,2.0,T,1.0,,,,,
1962,6,29,Tokachi,Hokkaido-Japan,Japan,43.42,142.68,2077,Stratovolcano,3.0,T,5.0,11.0,,,,
1962,10,0,Merapi,Java,Indonesia,-7.542000000000001,110.44200000000001,2947,Stratovolcano,,m,2.0,,,,,
1962,12,31,Gamalama,Halmahera-Indonesia,Indonesia,0.8,127.325,1715,Stratovolcano,2.0,,5.0,5.0,,,,
1963,3,17,Irazu,Costa Rica,Costa Rica,9.979,-83.852,3432,Stratovolcano,3.0,T,15.0,,,,,
1963,3,18,Agung,Lesser Sunda Is,Indonesia,-8.342,115.508,3142,Stratovolcano,5.0,"P,T,M,A",1028.0,624.0,,,TSU,
1963,5,5,Semeru,Java,Indonesia,-8.107999999999999,112.92,3676,Stratovolcano,2.0,T,1.0,,,,,
1963,5,16,Agung,Lesser Sunda Is,Indonesia,-8.342,115.508,3142,Stratovolcano,3.0,,120.0,,,,,EQ
1963,5,21,Villarrica,Chile-C,Chile,-39.42,-71.93,2847,Stratovolcano,2.0,M,,,,,,
1963,9,5,Batur,Lesser Sunda Is,Indonesia,-8.242,115.375,1717,Caldera,2.0,,2.0,,,,,
1963,9,28,Fuego,Guatemala,Guatemala,14.472999999999999,-90.88,3763,Stratovolcano,3.0,M,7.0,,,,,
1963,12,10,Irazu,Costa Rica,Costa Rica,9.979,-83.852,3432,Stratovolcano,3.0,"M,T",40.0,,,,,
1964,1,1,Paluweh,Lesser Sunda Is,Indonesia,-8.32,121.708,875,Stratovolcano,2.0,,1.0,3.0,,,,
1964,3,3,Villarrica,Chile-C,Chile,-39.42,-71.93,2847,Stratovolcano,2.0,M,25.0,,,,,
1964,12,13,Dieng Volc Complex,Java,Indonesia,-7.2,109.92,2565,Complex volcano,1.0,,114.0,,,,,
1965,9,28,Taal,Luzon-Philippines,Philippines,14.002,120.993,400,Stratovolcano,4.0,"P,W",355.0,,,,TSU,
1965,10,24,Kick-'em-Jenny,W Indies,Netherlands,12.3,-61.63,-177,Submarine volcano,0.0,,,,,,TSU,
1966,1,13,Tinakula,Santa Cruz Is-SW Pac,Solomon Is.,-10.38,165.8,851,Stratovolcano,3.0,,,,,,TSU,
1966,4,26,Kelut,Java,Indonesia,-7.93,112.30799999999999,1731,Stratovolcano,4.0,"M,m,P",215.0,86.0,78.0,,,
1966,8,12,Awu,Sangihe Is-Indonesia,Indonesia,3.67,125.5,1320,Stratovolcano,4.0,"P,M,I",39.0,1000.0,,,,
1966,8,14,"Lengai, Ol Doinyo",Africa-E,Tanzania,-2.7510000000000003,35.902,2890,Stratovolcano,4.0,,,,,,,
1967,7,8,"Lengai, Ol Doinyo",Africa-E,Tanzania,-2.7510000000000003,35.902,2890,Stratovolcano,3.0,,,,,,,
1967,8,31,Semeru,Java,Indonesia,-8.107999999999999,112.92,3676,Stratovolcano,3.0,M,3.0,,,,,
1967,12,4,Deception Island,Antarctica,Antarctica,-62.97,-60.65,576,Caldera,3.0,,,,,,TSU,
1968,4,21,Mayon,Luzon-Philippines,Philippines,13.257,123.685,2462,Stratovolcano,3.0,"M,P",6.0,,,,,
1968,7,29,Arenal,Costa Rica,Costa Rica,10.463,-84.70299999999999,1657,Stratovolcano,3.0,"P,T",80.0,,,,,
1969,1,7,Merapi,Java,Indonesia,-7.542000000000001,110.44200000000001,2947,Stratovolcano,2.0,P,3.0,,,,,
1969,1,28,Iya,Lesser Sunda Is,Indonesia,-8.88,121.63,637,Stratovolcano,3.0,"T,m",2.0,10.0,,,,
1969,3,21,Didicas,Luzon-N of,Philippines,19.077,122.20200000000001,244,Compound volcano,2.0,W,,,,,TSU,
1969,8,26,Narugo,Honshu-Japan,Japan,38.73,140.73,462,Caldera,,G,1.0,,,,,
1970,3,2,Campi Flegrei,Italy,Italy,40.827,14.139000000000001,458,Caldera,,S,3.0,,,,,
1970,5,5,Hekla,Iceland-S,Iceland,63.98,-19.7,1491,Stratovolcano,3.0,,,,,,,
1971,8,12,"Hudson, Cerro",Chile-S,Chile,-45.9,-72.97,1905,Stratovolcano,3.0,M,5.0,,,,,
1971,9,6,Tinakula,Santa Cruz Is-SW Pac,Solomon Is.,-10.38,165.8,851,Stratovolcano,2.0,,,,,,TSU,
1971,9,14,Fuego,Guatemala,Guatemala,14.472999999999999,-90.88,3763,Stratovolcano,3.0,"M,T",10.0,,,,,
1971,10,26,La Palma,Canary Is,Spain,28.58,-17.83,2426,Stratovolcano,2.0,,,,,,,
1971,10,29,Villarrica,Chile-C,Chile,-39.42,-71.93,2847,Stratovolcano,2.0,M,15.0,,,,,
1971,12,27,Kusatsu-Shirane,Honshu-Japan,Japan,36.62,138.55,2176,Stratovolcano,,G,6.0,,,,,
1972,6,9,"Fournaise, Piton de la",Indian O-W,Reunion,-21.229,55.713,2631,Shield volcano,2.0,I,3.0,,,,,
1972,10,2,Hakone,Honshu-Japan,Japan,35.22,139.02,1438,Complex volcano,,,2.0,,,,,
1972,10,9,Ritter Island,New Guinea-NE of,Papua New Guinea,-5.52,148.121,140,Stratovolcano,1.0,,,,,,TSU,
1973,1,27,Vestmannaeyjar,Iceland-S,Iceland,63.43,-20.28,279,Submarine volcano,3.0,G,1.0,,,,,
1973,1,0,Paluweh,Lesser Sunda Is,Indonesia,-8.32,121.708,875,Stratovolcano,3.0,,,,,,,
1973,4,5,"Hudson, Cerro",Chile-S,Chile,-45.9,-72.97,1905,Stratovolcano,,M,2.0,,,,,
1973,12,5,Iliwerung,Lesser Sunda Is,Indonesia,-8.54,123.59,1018,Complex volcano,2.0,W,2.0,,,,,
1974,2,11,Karangetang [Api Siau],Sangihe Is-Indonesia,Indonesia,2.78,125.48,1784,Stratovolcano,3.0,A,4.0,,,,,
1974,6,17,Sakura-jima,Kyushu-Japan,Japan,31.58,130.67,1117,Stratovolcano,3.0,M,3.0,,,,,
1974,7,28,Niigata-Yake-yama,Honshu-Japan,Japan,36.92,138.03,2400,Lava dome,2.0,T,3.0,,,,,
1974,8,9,Sakura-jima,Kyushu-Japan,Japan,31.58,130.67,1117,Stratovolcano,3.0,M,5.0,,,,,
1974,10,10,Fuego,Guatemala,Guatemala,14.472999999999999,-90.88,3763,Stratovolcano,4.0,"T,M",,,,,,
1974,10,17,Ritter Island,New Guinea-NE of,Papua New Guinea,-5.52,148.121,140,Stratovolcano,1.0,,,,,,TSU,
1974,10,22,Merapi,Java,Indonesia,-7.542000000000001,110.44200000000001,2947,Stratovolcano,2.0,M,9.0,,,,,
1975,1,0,Marapi,Sumatra,Indonesia,-0.381,100.473,2891,Complex volcano,2.0,M,80.0,,,,,
1975,6,17,Arenal,Costa Rica,Costa Rica,10.463,-84.70299999999999,1657,Stratovolcano,3.0,,2.0,,,,,
1975,11,29,Kilauea,Hawaiian Is,United States,19.425,-155.292,1222,Shield volcano,0.0,W,,,,,TSU,EQ
1976,8,3,Kusatsu-Shirane,Honshu-Japan,Japan,36.62,138.55,2176,Stratovolcano,,G,3.0,,,,,
1976,8,12,Sangay,Ecuador,Ecuador,-2.03,-78.33,5230,Stratovolcano,3.0,T,2.0,4.0,,,,
1976,8,31,Semeru,Java,Indonesia,-8.107999999999999,112.92,3676,Stratovolcano,2.0,M,119.0,,,,,
1976,9,15,Karangetang [Api Siau],Sangihe Is-Indonesia,Indonesia,2.78,125.48,1784,Stratovolcano,2.0,P,1.0,1.0,,,,
1976,11,25,Merapi,Java,Indonesia,-7.542000000000001,110.44200000000001,2947,Stratovolcano,2.0,M,29.0,,,,,
1977,1,10,Nyiragongo,Africa-C,"Congo, DRC",-1.52,29.25,3470,Stratovolcano,1.0,L,,,,,,
1977,4,5,Karthala,Indian O-W,Comoros,-11.75,43.38,2361,Shield volcano,0.0,,,,,,,
1977,4,27,Krafla,Iceland-NE,Iceland,65.73,-16.78,650,Caldera,1.0,,,,,,,
1977,8,2,Kliuchevskoi,Kamchatka,Russia,56.056999999999995,160.638,4835,Stratovolcano,3.0,T,1.0,,,,,
1977,8,7,Usu,Hokkaido-Japan,Japan,42.53,140.83,731,Stratovolcano,3.0,I,3.0,,,,,
1978,1,13,Usu,Hokkaido-Japan,Japan,42.53,140.83,731,Stratovolcano,3.0,m,3.0,2.0,,,,
1978,7,29,Bulusan,Luzon-Philippines,Philippines,12.77,124.05,1565,Stratovolcano,2.0,,,,,,,
1978,9,2,Santa Maria,Guatemala,Guatemala,14.755999999999998,-91.552,3772,Stratovolcano,3.0,M,1.0,,,,,
1978,9,19,Semeru,Java,Indonesia,-8.107999999999999,112.92,3676,Stratovolcano,3.0,M,12.0,,,,,
1978,0,0,Tangkubanparahu,Java,Indonesia,-6.77,107.6,2084,Stratovolcano,,I,3.0,,,,,
1979,2,20,Dieng Volc Complex,Java,Indonesia,-7.2,109.92,2565,Complex volcano,1.0,G,149.0,,,,,
1979,3,8,Karkar,New Guinea-NE of,Papua New Guinea,-4.649,145.964,1839,Stratovolcano,2.0,P,2.0,,,,,
1979,4,13,Soufriere St. Vincent,W Indies,St. Vincent & the Grenadines,13.33,-61.18,1220,Stratovolcano,3.0,"T,P",2.0,,,,,
1979,7,5,Etna,Italy,Italy,37.734,15.004000000000001,3350,Stratovolcano,2.0,T,9.0,23.0,,,,
1979,7,18,Iliwerung,Lesser Sunda Is,Indonesia,-8.54,123.59,1018,Complex volcano,,W,,,,,TSU,
1979,9,6,Aso,Kyushu-Japan,Japan,32.88,131.1,1592,Caldera,2.0,T,3.0,11.0,,,,
1980,5,18,St. Helens,US-Washington,United States,46.2,-122.18,2549,Stratovolcano,5.0,"P,M,T",57.0,,,2000.0,TSU,EQ
1980,8,17,Hekla,Iceland-S,Iceland,63.98,-19.7,1491,Stratovolcano,3.0,,,,,,,
1980,12,25,Hood,US-Oregon,United States,45.373999999999995,-121.694,3426,Stratovolcano,,m,1.0,,,,,
1981,3,17,Etna,Italy,Italy,37.734,15.004000000000001,3350,Stratovolcano,2.0,,,,,10.0,,
1981,3,29,Semeru,Java,Indonesia,-8.107999999999999,112.92,3676,Stratovolcano,3.0,P,1.0,,,,,
1981,4,27,Alaid,Kuril Is,Russia,50.858000000000004,155.55,2339,Stratovolcano,2.0,,,,,,,
1981,5,14,Semeru,Java,Indonesia,-8.107999999999999,112.92,3676,Stratovolcano,3.0,m,372.0,152.0,120.0,,,
1981,6,30,Mayon,Luzon-Philippines,Philippines,13.257,123.685,2462,Stratovolcano,,m,200.0,,,,,
1981,9,5,Paluweh,Lesser Sunda Is,Indonesia,-8.32,121.708,875,Stratovolcano,2.0,P,,,,,,
1981,0,0,Vilyuchik,Kamchatka,Russia,52.68,158.3,2173,Stratovolcano,,A,,,,,,
1982,3,29,"Chichon, El",Mexico,Mexico,17.36,-93.228,1150,Tuff cone,5.0,"P,T,M,S",1879.0,,1755.0,3.3,,EQ
1982,4,4,"Chichon, El",Mexico,Mexico,17.36,-93.228,1150,Tuff cone,5.0,P,33.0,,,,,
1982,5,17,Galunggung,Java,Indonesia,-7.25,108.05,2168,Stratovolcano,4.0,"I,T",68.0,,,15.0,,
1982,5,27,"Chichon, El",Mexico,Mexico,17.36,-93.228,1150,Tuff cone,5.0,m,1.0,,,,,
1983,3,8,Kliuchevskoi,Kamchatka,Russia,56.056999999999995,160.638,4835,Stratovolcano,2.0,T,1.0,,,,,
1983,7,23,Colo [Una Una],Sulawesi-Indonesia,Indonesia,-0.17,121.60799999999999,507,Stratovolcano,4.0,,,,,,,
1983,8,17,Iliwerung,Lesser Sunda Is,Indonesia,-8.54,123.59,1018,Complex volcano,1.0,W,,,,,TSU,
1983,10,3,Miyake-jima,Izu Is-Japan,Japan,34.08,139.53,815,Stratovolcano,3.0,,,,,,,EQ
1984,8,15,Oku Volc Field,Africa-W,Cameroon,6.25,10.5,3011,Maar,,G,37.0,,,,,
1984,9,9,Mayon,Luzon-Philippines,Philippines,13.257,123.685,2462,Stratovolcano,3.0,M,1.0,,,,,
1984,9,14,On-take,Honshu-Japan,Japan,35.9,137.48,3063,Complex volcano,,A,29.0,,,,,
1984,10,16,Etna,Italy,Italy,37.734,15.004000000000001,3350,Stratovolcano,3.0,S,1.0,,,,,
1985,5,10,Semeru,Java,Indonesia,-8.107999999999999,112.92,3676,Stratovolcano,3.0,A,70.0,,,,,
1985,11,13,Ruiz,Colombia,Colombia,4.895,-75.322,5321,Stratovolcano,3.0,M,23080.0,10000.0,,,,
1985,12,19,Etna,Italy,Italy,37.734,15.004000000000001,3350,Stratovolcano,1.0,S,1.0,,,,,
1986,5,8,Akita-Yake-yama,Honshu-Japan,Japan,39.97,140.77,1366,Complex volcano,,G,1.0,,,,,
1986,7,24,Stromboli,Italy,Italy,38.789,15.213,926,Stratovolcano,2.0,T,1.0,,,,,
1986,8,21,Oku Volc Field,Africa-W,Cameroon,6.25,10.5,3011,Maar,3.0,G,1700.0,300.0,,,,
1986,10,15,Merapi,Java,Indonesia,-7.542000000000001,110.44200000000001,2947,Stratovolcano,2.0,M,1.0,,,,,
1986,11,15,Oshima,Izu Is-Japan,Japan,34.73,139.38,758,Stratovolcano,3.0,I,1.0,,,,,
1987,1,25,Pacaya,Guatemala,Guatemala,14.380999999999998,-90.601,2552,Complex volcano,3.0,,,15.0,,,,
1987,4,17,Etna,Italy,Italy,37.734,15.004000000000001,3350,Stratovolcano,2.0,T,2.0,7.0,,,,
1987,12,1,Sirung,Lesser Sunda Is,Indonesia,-8.51,124.148,862,Complex volcano,,,,,,,,EQ
1988,5,9,Banda Api,Banda Sea,Pacific Ocean,-4.525,129.871,640,Caldera,3.0,"T,L",4.0,,,,,
1988,7,6,Arenal,Costa Rica,Costa Rica,10.463,-84.70299999999999,1657,Stratovolcano,3.0,T,1.0,,,,,
1988,7,30,Semeru,Java,Indonesia,-8.107999999999999,112.92,3676,Stratovolcano,3.0,T,1.0,,,,,
1988,12,25,Lonquimay,Chile-C,Chile,-38.376999999999995,-71.58,2865,Stratovolcano,3.0,T,1.0,,,,,
1988,0,0,Akita-Yake-yama,Honshu-Japan,Japan,39.97,140.77,1366,Complex volcano,,I,3.0,,,,,
1989,2,12,Aso,Kyushu-Japan,Japan,32.88,131.1,1592,Caldera,,G,1.0,,,,,
1989,8,26,Kirishima,Kyushu-Japan,Japan,31.93,130.87,1700,Shield volcano,,G,2.0,,,,,
1990,2,2,Shiveluch,Kamchatka,Russia,56.653,161.36,3283,Stratovolcano,3.0,,,,,,,
1990,2,10,Kelut,Java,Indonesia,-7.93,112.30799999999999,1731,Stratovolcano,4.0,"T,P",32.0,,,,,
1990,3,26,Aso,Kyushu-Japan,Japan,32.88,131.1,1592,Caldera,2.0,G,1.0,,,,,
1990,4,18,Aso,Kyushu-Japan,Japan,32.88,131.1,1592,Caldera,2.0,G,1.0,,,,,
1990,5,29,Sabancaya,Peru,Peru,-15.78,-71.85,5967,Stratovolcano,3.0,,,,,,,
1990,6,24,Rabaul,New Britain-SW Pac,Papua New Guinea,-4.271,152.203,688,Pyroclastic shield,,G,6.0,,,,,
1990,7,19,Santa Maria,Guatemala,Guatemala,14.755999999999998,-91.552,3772,Stratovolcano,3.0,T,4.0,,,,,
1990,10,19,Aso,Kyushu-Japan,Japan,32.88,131.1,1592,Caldera,2.0,G,1.0,,,,,
1990,11,21,Nyiragongo,Africa-C,"Congo, DRC",-1.52,29.25,3470,Stratovolcano,,S,1.0,,,,,
1990,11,25,Kelut,Java,Indonesia,-7.93,112.30799999999999,1731,Stratovolcano,,m,4.0,,,,,
1991,6,3,Unzen,Kyushu-Japan,Japan,32.75,130.3,1500,Complex volcano,1.0,P,43.0,,,,,
1991,6,15,Pinatubo,Luzon-Philippines,Philippines,15.13,120.35,1486,Stratovolcano,6.0,"P,m,I",350.0,4.0,,,,EQ
1991,6,0,Mutnovsky,Kamchatka,Russia,52.453,158.195,2322,Complex volcano,,I,1.0,,,,,
1991,7,3,Karthala,Indian O-W,Comoros,-11.75,43.38,2361,Shield volcano,2.0,,,,,,,
1991,8,8,"Hudson, Cerro",Chile-S,Chile,-45.9,-72.97,1905,Stratovolcano,5.0,,,,,,,
1991,10,24,Lokon-Empung,Sulawesi-Indonesia,Indonesia,1.358,124.792,1580,Stratovolcano,1.0,"T,P",1.0,,,,,
1991,12,14,Etna,Italy,Italy,37.734,15.004000000000001,3350,Stratovolcano,2.0,,,,,2.5,,
1992,1,21,Karangetang [Api Siau],Sangihe Is-Indonesia,Indonesia,2.78,125.48,1784,Stratovolcano,2.0,M,2.0,,,,,
1992,3,18,Dieng Volc Complex,Java,Indonesia,-7.2,109.92,2565,Complex volcano,,G,1.0,2.0,,,,
1992,4,10,"Negro, Cerro",Nicaragua,Nicaragua,12.505999999999998,-86.70200000000001,728,Cinder cone,3.0,"T,I",11.0,50.0,,3.0,,
1992,5,11,Karangetang [Api Siau],Sangihe Is-Indonesia,Indonesia,2.78,125.48,1784,Stratovolcano,1.0,P,6.0,1.0,,,,
1992,7,5,Marapi,Sumatra,Indonesia,-0.381,100.473,2891,Complex volcano,2.0,T,1.0,5.0,,,,
1992,7,12,Pinatubo,Luzon-Philippines,Philippines,15.13,120.35,1486,Stratovolcano,1.0,m,6.0,,,,,
1992,9,17,Spurr,Alaska-SW,United States,61.3,-152.25,3374,Stratovolcano,4.0,I,1.0,,,2.0,,
1992,0,0,Semeru,Java,Indonesia,-8.107999999999999,112.92,3676,Stratovolcano,3.0,T,3.0,,,,,
1993,1,14,Galeras,Colombia,Colombia,1.22,-77.37,4276,Complex volcano,2.0,T,9.0,,,,,
1993,1,21,Wurlali,Banda Sea,Indonesia,-7.125,128.675,868,Stratovolcano,,m,1.0,12.0,,,,
1993,2,2,Mayon,Luzon-Philippines,Philippines,13.257,123.685,2462,Stratovolcano,2.0,P,75.0,,,,,
1993,3,12,Guagua Pichincha,Ecuador,Ecuador,-0.171,-78.598,4784,Stratovolcano,1.0,T,2.0,,,,,
1993,4,19,Kilauea,Hawaiian Is,United States,19.425,-155.292,1222,Shield volcano,,A,1.0,22.0,,,,
1993,6,13,Krakatau,Indonesia,Indonesia,-6.102,105.42299999999999,813,Caldera,1.0,T,1.0,5.0,,,,
1993,6,23,Unzen,Kyushu-Japan,Japan,32.75,130.3,1500,Complex volcano,1.0,P,1.0,,,,,
1993,6,26,Pinatubo,Luzon-Philippines,Philippines,15.13,120.35,1486,Stratovolcano,1.0,m,4.0,,,,,
1993,10,4,Pinatubo,Luzon-Philippines,Philippines,15.13,120.35,1486,Stratovolcano,,m,14.0,,,,,
1994,1,15,Yasur,Vanuatu-SW Pacific,Vanuatu,-19.52,169.425,361,Stratovolcano,3.0,T,1.0,,,,,
1994,2,3,Semeru,Java,Indonesia,-8.107999999999999,112.92,3676,Stratovolcano,3.0,P,6.0,,,,,
1994,5,29,Aso,Kyushu-Japan,Japan,32.88,131.1,1592,Caldera,1.0,G,1.0,,,,,
1994,6,6,Huila,Colombia,Colombia,2.92,-76.05,5365,Stratovolcano,,m,,,,,,EQ
1994,9,19,Rabaul,New Britain-SW Pac,Papua New Guinea,-4.271,152.203,688,Pyroclastic shield,3.0,T,4.0,,,86.0,TSU,
1994,11,3,Rinjani,Lesser Sunda Is,Indonesia,-8.42,116.47,3726,Stratovolcano,3.0,m,31.0,,,,,
1994,11,22,Merapi,Java,Indonesia,-7.542000000000001,110.44200000000001,2947,Stratovolcano,3.0,,60.0,,,,,
1995,2,4,Yasur,Vanuatu-SW Pacific,Vanuatu,-19.52,169.425,361,Stratovolcano,3.0,T,2.0,,,,,
1995,2,11,Yake-dake,Honshu-Japan,Japan,36.22,137.58,2455,Stratovolcano,1.0,T,4.0,,,,,
1995,4,2,Fogo,Cape Verde Is,Cape Verde,14.95,-24.35,2829,Stratovolcano,2.0,,,20.0,,,,
1995,4,7,Pacaya,Guatemala,Guatemala,14.380999999999998,-90.601,2552,Complex volcano,3.0,M,1.0,,,,,
1995,5,15,Kelimutu,Lesser Sunda Is,Indonesia,-8.758,121.83,1640,Complex volcano,,,1.0,,,,,
1995,9,6,Parker,Mindanao-Philippines,Philippines,6.12,124.89200000000001,1824,Stratovolcano,,,60.0,,,,,
1996,1,2,Karymsky,Kamchatka,Russia,54.05,159.43,1536,Stratovolcano,2.0,,,,,,TSU,
1996,4,30,Popocatepetl,Mexico,Mexico,19.023,-98.62200000000001,5426,Stratovolcano,3.0,,5.0,,,,,
1996,8,10,Kanlaon,Philippines-C,Philippines,10.412,123.132,2435,Stratovolcano,2.0,T,3.0,18.0,,,,
1996,9,27,Maderas,Nicaragua,Nicaragua,11.446,-85.515,1394,Stratovolcano,,m,6.0,,,,,
1996,9,30,Grimsvotn,Iceland-NE,Iceland,64.42,-17.33,1725,Caldera,3.0,,,,,,,
1996,12,3,Manam,New Guinea-NE of,Papua New Guinea,-4.1,145.061,1807,Stratovolcano,3.0,P,13.0,29.0,,,,
1997,1,14,Merapi,Java,Indonesia,-7.542000000000001,110.44200000000001,2947,Stratovolcano,2.0,,6.0,,,,,
1997,4,17,Karangetang [Api Siau],Sangihe Is-Indonesia,Indonesia,2.78,125.48,1784,Stratovolcano,1.0,P,3.0,,,,,
1997,6,25,Soufriere Hills,W Indies,Montserrat,16.72,-62.18,915,Stratovolcano,3.0,P,22.0,,1.0,,,
1997,7,12,Hakkoda Group,Honshu-Japan,Japan,40.65,140.88,1585,Stratovolcano,,G,3.0,,,,,
1997,8,1,Soufriere Hills,W Indies,Montserrat,16.72,-62.18,915,Stratovolcano,3.0,,2.0,,,,,
1997,9,2,Semeru,Java,Indonesia,-8.107999999999999,112.92,3676,Stratovolcano,3.0,T,2.0,,,,,
1997,9,15,Adatara,Honshu-Japan,Japan,37.62,140.28,1718,Stratovolcano,,G,4.0,,,,,
1997,11,23,Aso,Kyushu-Japan,Japan,32.88,131.1,1592,Caldera,,G,2.0,,,,,
1997,12,26,Soufriere Hills,W Indies,Montserrat,16.72,-62.18,915,Stratovolcano,,,,,,,TSU,
1998,4,28,Kilauea,Hawaiian Is,United States,19.425,-155.292,1222,Shield volcano,,L,1.0,,,,,
1998,7,0,Kelut,Java,Indonesia,-7.93,112.30799999999999,1731,Stratovolcano,,m,10.0,,,,,
1998,10,30,San Cristobal,Nicaragua,Nicaragua,12.702,-87.00399999999999,1745,Stratovolcano,,m,1620.0,,,,,
1999,1,20,Soufriere Hills,W Indies,Montserrat,16.72,-62.18,915,Stratovolcano,3.0,,,,,,TSU,
1999,5,21,Fuego,Guatemala,Guatemala,14.472999999999999,-90.88,3763,Stratovolcano,2.0,,,,,,,
1999,8,15,Shiveluch,Kamchatka,Russia,56.653,161.36,3283,Stratovolcano,4.0,,,,,,,
1999,10,5,Guagua Pichincha,Ecuador,Ecuador,-0.171,-78.598,4784,Stratovolcano,3.0,T,2.0,,,,,
1999,10,16,Tungurahua,Ecuador,Ecuador,-1.4669999999999999,-78.442,5023,Stratovolcano,3.0,T,1.0,4.0,,,,
2000,6,27,Miyake-jima,Izu Is-Japan,Japan,34.08,139.53,815,Stratovolcano,2.0,,,,,,TSU,EQ
2000,7,27,Semeru,Java,Indonesia,-8.107999999999999,112.92,3676,Stratovolcano,3.0,T,2.0,,,,,
2000,8,23,Arenal,Costa Rica,Costa Rica,10.463,-84.70299999999999,1657,Stratovolcano,3.0,P,2.0,1.0,,,,
2000,11,3,Kilauea,Hawaiian Is,United States,19.425,-155.292,1222,Shield volcano,,G,2.0,,,,,
2000,11,0,Merapi,Java,Indonesia,-7.542000000000001,110.44200000000001,2947,Stratovolcano,2.0,A,1.0,,,,,
2001,5,14,Etna,Italy,Italy,37.734,15.004000000000001,3350,Stratovolcano,3.0,,1.0,,,,,
2001,7,26,Etna,Italy,Italy,37.734,15.004000000000001,3350,Stratovolcano,2.0,,,,,,,
2001,8,5,Merapi,Java,Indonesia,-7.542000000000001,110.44200000000001,2947,Stratovolcano,2.0,P,2.0,,,,,
2001,10,20,Stromboli,Italy,Italy,38.789,15.213,926,Stratovolcano,2.0,T,1.0,,,,,
2002,1,3,Karangetang [Api Siau],Sangihe Is-Indonesia,Indonesia,2.78,125.48,1784,Stratovolcano,3.0,M,,,,,,
2002,1,17,Nyiragongo,Africa-C,"Congo, DRC",-1.52,29.25,3470,Stratovolcano,1.0,,100.0,400.0,,,,
2002,8,28,Etna,Italy,Italy,37.734,15.004000000000001,3350,Stratovolcano,3.0,,,32.0,,,,EQ
2002,11,3,Reventador,Ecuador,Ecuador,-0.078,-77.656,3562,Stratovolcano,4.0,I,,,,,,
2002,12,30,Stromboli,Italy,Italy,38.789,15.213,926,Stratovolcano,,,,,,,TSU,
2002,0,0,Semeru,Java,Indonesia,-8.107999999999999,112.92,3676,Stratovolcano,3.0,T,3.0,,,,,
2003,7,12,Soufriere Hills,W Indies,Montserrat,16.72,-62.18,915,Stratovolcano,3.0,,,,,,TSU,
2004,1,29,Egon,Lesser Sunda Is,Indonesia,-8.67,122.45,1703,Stratovolcano,1.0,T,1.0,,,,,
2004,6,8,Tengger Caldera,Java,Indonesia,-7.942,112.95,2329,Stratovolcano,2.0,T,2.0,5.0,,,,
2004,10,24,Manam,New Guinea-NE of,Papua New Guinea,-4.1,145.061,1807,Stratovolcano,4.0,T,5.0,,,,,
2005,1,27,Manam,New Guinea-NE of,Papua New Guinea,-4.1,145.061,1807,Stratovolcano,4.0,T,1.0,14.0,,,,
2005,10,1,Santa Ana,El Salvador,El Salvador,13.853,-89.63,2365,Stratovolcano,3.0,A,2.0,,,,,
2005,11,24,Karthala,Indian O-W,Comoros,-11.75,43.38,2361,Shield volcano,,,,,,,,
2006,3,17,Raoul Island,Kermadec Is,New Zealand,-29.27,-177.92,516,Stratovolcano,,,1.0,,,,,
2006,5,20,Soufriere Hills,W Indies,Montserrat,16.72,-62.18,915,Stratovolcano,2.0,P,,,,,TSU,
2006,6,7,Bulusan,Luzon-Philippines,Philippines,12.77,124.05,1565,Stratovolcano,2.0,,1.0,,,,,
2006,6,14,Merapi,Java,Indonesia,-7.542000000000001,110.44200000000001,2947,Stratovolcano,1.0,,2.0,,,,,
2006,7,18,Tungurahua,Ecuador,Ecuador,-1.4669999999999999,-78.442,5023,Stratovolcano,3.0,,1.0,,,,,
2006,8,17,Tungurahua,Ecuador,Ecuador,-1.4669999999999999,-78.442,5023,Stratovolcano,3.0,T,5.0,13.0,,,,
2006,11,30,Mayon,Luzon-Philippines,Philippines,13.257,123.685,2462,Stratovolcano,1.0,m,1266.0,,,,,
2007,3,0,Manam,New Guinea-NE of,Papua New Guinea,-4.1,145.061,1807,Stratovolcano,4.0,M,4.0,1.0,,,,
2007,4,18,Huila,Colombia,Colombia,2.92,-76.05,5365,Stratovolcano,,,,,,,,
2007,7,7,Salak,Java,Indonesia,-6.72,106.73,2211,Stratovolcano,,G,6.0,,,,,
2007,9,30,"Tair, Jebel at",Red Sea,Yemen,15.7,41.742,244,Stratovolcano,,,7.0,1.0,,,,
2008,5,2,Chaiten,Chile-S,Chile,-42.833,-72.646,962,Caldera,,,1.0,,,,,
2008,8,8,Kasatochi,Aleutian Is,United States,52.18,-175.5,314,Stratovolcano,3.0,,,,,,TSU,
2008,8,22,Tungurahua,Ecuador,Ecuador,-1.4669999999999999,-78.442,5023,Stratovolcano,3.0,M,2.0,2.0,,,,
2008,11,20,Huila,Colombia,Colombia,2.92,-76.05,5365,Stratovolcano,,,10.0,,,,,
2009,3,23,Redoubt,Alaska-SW,United States,60.48,-152.75,3108,Stratovolcano,,,,,,,,
2009,11,30,Kilauea,Hawaiian Is,United States,19.425,-155.292,1222,Shield volcano,,,,,,,,
2010,1,0,Tungurahua,Ecuador,Ecuador,-1.4669999999999999,-78.442,5023,Stratovolcano,3.0,,,,,,,
2010,3,31,Eyjafjallajokull,Iceland-S,Iceland,63.63,-19.62,1666,Stratovolcano,2.0,,2.0,,,,,
2010,5,27,Pacaya,Guatemala,Guatemala,14.380999999999998,-90.601,2552,Complex volcano,1.0,T,1.0,,3.0,,,
2010,5,29,Sarigan,Mariana Is-C Pacific,United States,16.708,145.78,538,Stratovolcano,,,,,,,TSU,EQ
2010,8,6,Karangetang [Api Siau],Sangihe Is-Indonesia,Indonesia,2.78,125.48,1784,Stratovolcano,3.0,,4.0,5.0,,,,
2010,8,30,Sinabung,Sumatra,Indonesia,3.17,98.39200000000001,2460,Stratovolcano,,,2.0,,,,,
2010,10,26,Merapi,Java,Indonesia,-7.542000000000001,110.44200000000001,2947,Stratovolcano,,,367.0,277.0,,600.0,,
2010,11,0,Tungurahua,Ecuador,Ecuador,-1.4669999999999999,-78.442,5023,Stratovolcano,3.0,,,,,,,
2010,12,28,Tengger Caldera,Java,Indonesia,-7.942,112.95,2329,Stratovolcano,,,,,,,,
2011,1,3,Merapi,Java,Indonesia,-7.542000000000001,110.44200000000001,2947,Stratovolcano,,M,1.0,1.0,,,,
2011,1,28,Kirishima,Kyushu-Japan,Japan,31.93,130.87,1700,Shield volcano,,,,,,,,
2011,2,23,Bulusan,Luzon-Philippines,Philippines,12.77,124.05,1565,Stratovolcano,2.0,,1.0,,,,,
2011,3,18,Karangetang [Api Siau],Sangihe Is-Indonesia,Indonesia,2.78,125.48,1784,Stratovolcano,,,,,,,,
2011,4,0,Tungurahua,Ecuador,Ecuador,-1.4669999999999999,-78.442,5023,Stratovolcano,4.0,,,,,,,
2011,6,4,Puyehue,Chile-C,Chile,-40.59,-72.117,2236,Stratovolcano,4.0,,,,,,,
2011,6,22,Nabro,Africa-NE,Eritrea,13.37,41.7,2218,Stratovolcano,3.0,,31.0,,,,,
2011,7,9,Katla,Iceland-S,Iceland,63.63,-19.05,1512,Subglacial volcano,,,,,,,,
2011,7,17,Lokon-Empung,Sulawesi-Indonesia,Indonesia,1.358,124.792,1580,Stratovolcano,,,1.0,,,,,
2011,12,27,Gamalama,Halmahera-Indonesia,Indonesia,0.8,127.325,1715,Stratovolcano,3.0,m,4.0,,,,,
2012,2,10,Kilauea,Hawaiian Is,United States,19.425,-155.292,1222,Shield volcano,,,,,,,,
2012,3,2,Kilauea,Hawaiian Is,United States,19.425,-155.292,1222,Shield volcano,,L,,,,,,
2012,12,12,Tolbachik,Kamchatka,Russia,55.83,160.33,3682,Shield volcano,,,,,,,,
2013,2,12,Merapi,Java,Indonesia,-7.542000000000001,110.44200000000001,2947,Stratovolcano,,M,1.0,1.0,,,,
2013,2,0,Paluweh,Lesser Sunda Is,Indonesia,-8.32,121.708,875,Stratovolcano,,,,,,,,
2013,5,7,Mayon,Luzon-Philippines,Philippines,13.257,123.685,2462,Stratovolcano,,,5.0,8.0,,,,
2013,8,10,Paluweh,Lesser Sunda Is,Indonesia,-8.32,121.708,875,Stratovolcano,3.0,,5.0,,,,,
2013,9,1,Ubinas,Peru,Peru,-16.355,-70.903,5672,Stratovolcano,,,,,,,,
2013,9,4,Sakura-jima,Kyushu-Japan,Japan,31.58,130.67,1117,Stratovolcano,,,,,,,,
2013,9,15,Sinabung,Sumatra,Indonesia,3.17,98.39200000000001,2460,Stratovolcano,2.0,,,,,,,
2013,12,13,Okataina,New Zealand,New Zealand,-38.12,176.5,1111,Lava dome,,G,1.0,,,,,
2014,2,1,Sinabung,Sumatra,Indonesia,3.17,98.39200000000001,2460,Stratovolcano,,,17.0,3.0,,,,
2014,2,13,Kelut,Java,Indonesia,-7.93,112.30799999999999,1731,Stratovolcano,,,7.0,,,,,
2014,9,27,On-take,Honshu-Japan,Japan,35.9,137.48,3063,Complex volcano,3.0,,55.0,70.0,,,,
2014,11,10,Kilauea,Hawaiian Is,United States,19.425,-155.292,1222,Shield volcano,,,,,,14.5,,
2014,11,23,Fogo,Cape Verde Is,Cape Verde,14.95,-24.35,2829,Stratovolcano,,,,,,,,
2014,12,18,Gamalama,Halmahera-Indonesia,Indonesia,0.8,127.325,1715,Stratovolcano,,,1.0,4.0,,,,
2015,2,20,Sinabung,Sumatra,Indonesia,3.17,98.39200000000001,2460,Stratovolcano,,,,,,,,
2015,4,22,Calbuco,Chile-S,Chile,-41.326,-72.61399999999999,2003,Stratovolcano,,,,,,,,
2015,5,7,Karangetang [Api Siau],Sangihe Is-Indonesia,Indonesia,2.78,125.48,1784,Stratovolcano,,,,,,,,
2015,7,31,Manam,New Guinea-NE of,Papua New Guinea,-4.1,145.061,1807,Stratovolcano,2.0,,,2.0,,,,
2015,10,16,Sinabung,Sumatra,Indonesia,3.17,98.39200000000001,2460,Stratovolcano,,M,1.0,,,,,
2015,10,0,Okataina,New Zealand,New Zealand,-38.12,176.5,1111,Lava dome,,I,1.0,,,,,
2016,5,9,Sinabung,Sumatra,Indonesia,3.17,98.39200000000001,2460,Stratovolcano,,,1.0,4.0,,,,
2016,5,21,Sinabung,Sumatra,Indonesia,3.17,98.39200000000001,2460,Stratovolcano,,,7.0,3.0,,100.0,,
2016,6,9,Yellowstone,US-Wyoming,United States,44.43,-110.67,2805,Caldera,,,1.0,,,,,
2016,9,27,Rinjani,Lesser Sunda Is,Indonesia,-8.42,116.47,3726,Stratovolcano,,,,,44.0,,,
2016,10,8,Aso,Kyushu-Japan,Japan,32.88,131.1,1592,Caldera,,T,,,,,,
2017,3,15,Etna,Italy,Italy,37.734,15.004000000000001,3350,Stratovolcano,,P,,10.0,,,,
2017,4,13,Sinabung,Sumatra,Indonesia,3.17,98.39200000000001,2460,Stratovolcano,2.0,P,,,,,,
2017,6,6,Fuego,Guatemala,Guatemala,14.472999999999999,-90.88,3763,Stratovolcano,2.0,P,,,,,,
2017,7,1,Dieng Volc Complex,Java,Indonesia,-7.2,109.92,2565,Complex volcano,,,8.0,11.0,,,,
2017,9,12,Campi Flegrei,Italy,Italy,40.827,14.139000000000001,458,Caldera,,,3.0,,,,,
2017,9,23,Aoba,Vanuatu-SW Pacific,Vanuatu,-15.4,167.83,1496,Shield volcano,,T,,,,,,
2017,12,18,Merapi,Java,Indonesia,-7.542000000000001,110.44200000000001,2947,Stratovolcano,,A,8.0,8.0,,,,
2017,12,27,Sinabung,Sumatra,Indonesia,3.17,98.39200000000001,2460,Stratovolcano,,T,,,,,,
2018,1,5,Kadovar,New Guinea-NE of,Papua New Guinea,-3.62,144.62,365,Stratovolcano,,T,,,,,,
2018,1,13,Mayon,Luzon-Philippines,Philippines,13.257,123.685,2462,Stratovolcano,,"T,P",,1972.0,,3.5639999999999996,,
2018,1,23,Kusatsu-Shirane,Honshu-Japan,Japan,36.62,138.55,2176,Stratovolcano,,T,1.0,11.0,,,,
2018,2,1,Kilauea,Hawaiian Is,United States,19.425,-155.292,1222,Shield volcano,1.0,G,1.0,3.0,,,,
2018,2,9,Kadovar,New Guinea-NE of,Papua New Guinea,-3.62,144.62,365,Stratovolcano,,W,,,,,TSU,
2018,3,21,Ijen,Java,Indonesia,-8.058,114.242,2799,Stratovolcano,,G,,30.0,,,,
2018,3,30,Aoba,Vanuatu-SW Pacific,Vanuatu,-15.4,167.83,1496,Shield volcano,3.0,"T,G,M",4.0,,,,,
2018,4,28,Kilauea,Hawaiian Is,United States,19.425,-155.292,1222,Shield volcano,1.0,L,,1.0,,370.0,TSU,EQ
2018,6,3,Fuego,Guatemala,Guatemala,14.472999999999999,-90.88,3763,Stratovolcano,2.0,P,201.0,27.0,229.0,120.0,,
2018,7,16,Kilauea,Hawaiian Is,United States,19.425,-155.292,1222,Shield volcano,,T,,23.0,,1.0,,
2018,8,25,Manam,New Guinea-NE of,Papua New Guinea,-4.1,145.061,1807,Stratovolcano,4.0,"L,T",,,,,,
2018,12,15,Ambrym,Vanuatu-SW Pacific,Vanuatu,-16.25,168.12,1334,Pyroclastic shield,2.0,"S,T,G",,,,,,EQ
2018,12,22,Krakatau,Indonesia,Indonesia,-6.102,105.42299999999999,813,Caldera,1.0,W,,,,,TSU,
2018,12,26,Etna,Italy,Italy,37.734,15.004000000000001,3350,Stratovolcano,2.0,S,,,,,,EQ
2019,1,7,Manam,New Guinea-NE of,Papua New Guinea,-4.1,145.061,1807,Stratovolcano,4.0,T,,,,,,
2019,5,7,Sinabung,Sumatra,Indonesia,3.17,98.39200000000001,2460,Stratovolcano,,T,,,,,,
2019,6,26,Ulawun,New Britain-SW Pac,Papua New Guinea,-5.05,151.33,2334,Stratovolcano,,"P,T",,2.0,,14.0,,
2019,6,28,Manam,New Guinea-NE of,Papua New Guinea,-4.1,145.061,1807,Stratovolcano,4.0,"A,P,T",,,,,,
2019,7,3,Stromboli,Italy,Italy,38.789,15.213,926,Stratovolcano,2.0,"P,T",1.0,1.0,,,,
2019,8,28,Stromboli,Italy,Italy,38.789,15.213,926,Stratovolcano,2.0,W,,,,,TSU,
2019,12,9,White Island,New Zealand,New Zealand,-37.52,177.18,321,Stratovolcano,2.0,T,21.0,24.0,,,,
2020,1,12,Taal,Luzon-Philippines,Philippines,14.002,120.993,400,Stratovolcano,,T,,,,67.0,,
